[    0.000000] Linux version 5.15.0-119-generic (buildd@lcy02-amd64-075) (gcc (Ubuntu 11.4.0-1ubuntu1~22.04) 11.4.0, GNU ld (GNU Binutils for Ubuntu) 2.38) #129-Ubuntu SMP Fri Aug 2 19:25:20 UTC 2024 (Ubuntu 5.15.0-119.129-generic 5.15.160)
[    0.000000] Command line: BOOT_IMAGE=/boot/vmlinuz-5.15.0-119-generic root=UUID=6021941d-b9c0-44d6-98a4-7daa154fab17 ro amd_pstate=passive
[    0.000000] KERNEL supported cpus:
[    0.000000]   Intel GenuineIntel
[    0.000000]   AMD AuthenticAMD
[    0.000000]   Hygon HygonGenuine
[    0.000000]   Centaur CentaurHauls
[    0.000000]   zhaoxin   Shanghai  
[    0.000000] x86/tme: not enabled by BIOS
[    0.000000] x86/split lock detection: #AC: crashing the kernel on kernel split_locks and warning on user-space split_locks
[    0.000000] BIOS-provided physical RAM map:
[    0.000000] BIOS-e820: [mem 0x0000000000000000-0x000000000003dfff] usable
[    0.000000] BIOS-e820: [mem 0x000000000003e000-0x000000000003efff] reserved
[    0.000000] BIOS-e820: [mem 0x000000000003f000-0x000000000009ffff] usable
[    0.000000] BIOS-e820: [mem 0x00000000000a0000-0x00000000000fffff] reserved
[    0.000000] BIOS-e820: [mem 0x0000000000100000-0x000000006670efff] usable
[    0.000000] BIOS-e820: [mem 0x000000006670f000-0x000000006cc0bfff] reserved
[    0.000000] BIOS-e820: [mem 0x000000006cc0c000-0x000000006d50bfff] ACPI data
[    0.000000] BIOS-e820: [mem 0x000000006d50c000-0x0000000070d02fff] ACPI NVS
[    0.000000] BIOS-e820: [mem 0x0000000070d03000-0x00000000777fefff] reserved
[    0.000000] BIOS-e820: [mem 0x00000000777ff000-0x00000000777fffff] usable
[    0.000000] BIOS-e820: [mem 0x0000000077800000-0x000000008fffffff] reserved
[    0.000000] BIOS-e820: [mem 0x00000000fe010000-0x00000000fe010fff] reserved
[    0.000000] BIOS-e820: [mem 0x00000000ff000000-0x00000000ffffffff] reserved
[    0.000000] BIOS-e820: [mem 0x0000000100000000-0x000000c07fffffff] usable
[    0.000000] NX (Execute Disable) protection: active
[    0.000000] e820: update [mem 0x57ca3018-0x57cab057] usable ==> usable
[    0.000000] e820: update [mem 0x57ca3018-0x57cab057] usable ==> usable
[    0.000000] e820: update [mem 0x579e5018-0x57aab657] usable ==> usable
[    0.000000] e820: update [mem 0x579e5018-0x57aab657] usable ==> usable
[    0.000000] e820: update [mem 0x57b76018-0x57b9da57] usable ==> usable
[    0.000000] e820: update [mem 0x57b76018-0x57b9da57] usable ==> usable
[    0.000000] e820: update [mem 0x579bd018-0x579e4a57] usable ==> usable
[    0.000000] e820: update [mem 0x579bd018-0x579e4a57] usable ==> usable
[    0.000000] e820: update [mem 0x57995018-0x579bca57] usable ==> usable
[    0.000000] e820: update [mem 0x57995018-0x579bca57] usable ==> usable
[    0.000000] e820: update [mem 0x5796d018-0x57994a57] usable ==> usable
[    0.000000] e820: update [mem 0x5796d018-0x57994a57] usable ==> usable
[    0.000000] e820: update [mem 0x572a3018-0x57369657] usable ==> usable
[    0.000000] e820: update [mem 0x572a3018-0x57369657] usable ==> usable
[    0.000000] e820: update [mem 0x56bb9018-0x56c7f657] usable ==> usable
[    0.000000] e820: update [mem 0x56bb9018-0x56c7f657] usable ==> usable
[    0.000000] e820: update [mem 0x57945018-0x5796ca57] usable ==> usable
[    0.000000] e820: update [mem 0x57945018-0x5796ca57] usable ==> usable
[    0.000000] e820: update [mem 0x5767c018-0x576a3a57] usable ==> usable
[    0.000000] e820: update [mem 0x5767c018-0x576a3a57] usable ==> usable
[    0.000000] e820: update [mem 0x57654018-0x5767ba57] usable ==> usable
[    0.000000] e820: update [mem 0x57654018-0x5767ba57] usable ==> usable
[    0.000000] e820: update [mem 0x5762c018-0x57653a57] usable ==> usable
[    0.000000] e820: update [mem 0x5762c018-0x57653a57] usable ==> usable
[    0.000000] extended physical RAM map:
[    0.000000] reserve setup_data: [mem 0x0000000000000000-0x000000000003dfff] usable
[    0.000000] reserve setup_data: [mem 0x000000000003e000-0x000000000003efff] reserved
[    0.000000] reserve setup_data: [mem 0x000000000003f000-0x000000000009ffff] usable
[    0.000000] reserve setup_data: [mem 0x00000000000a0000-0x00000000000fffff] reserved
[    0.000000] reserve setup_data: [mem 0x0000000000100000-0x0000000056bb9017] usable
[    0.000000] reserve setup_data: [mem 0x0000000056bb9018-0x0000000056c7f657] usable
[    0.000000] reserve setup_data: [mem 0x0000000056c7f658-0x00000000572a3017] usable
[    0.000000] reserve setup_data: [mem 0x00000000572a3018-0x0000000057369657] usable
[    0.000000] reserve setup_data: [mem 0x0000000057369658-0x000000005762c017] usable
[    0.000000] reserve setup_data: [mem 0x000000005762c018-0x0000000057653a57] usable
[    0.000000] reserve setup_data: [mem 0x0000000057653a58-0x0000000057654017] usable
[    0.000000] reserve setup_data: [mem 0x0000000057654018-0x000000005767ba57] usable
[    0.000000] reserve setup_data: [mem 0x000000005767ba58-0x000000005767c017] usable
[    0.000000] reserve setup_data: [mem 0x000000005767c018-0x00000000576a3a57] usable
[    0.000000] reserve setup_data: [mem 0x00000000576a3a58-0x0000000057945017] usable
[    0.000000] reserve setup_data: [mem 0x0000000057945018-0x000000005796ca57] usable
[    0.000000] reserve setup_data: [mem 0x000000005796ca58-0x000000005796d017] usable
[    0.000000] reserve setup_data: [mem 0x000000005796d018-0x0000000057994a57] usable
[    0.000000] reserve setup_data: [mem 0x0000000057994a58-0x0000000057995017] usable
[    0.000000] reserve setup_data: [mem 0x0000000057995018-0x00000000579bca57] usable
[    0.000000] reserve setup_data: [mem 0x00000000579bca58-0x00000000579bd017] usable
[    0.000000] reserve setup_data: [mem 0x00000000579bd018-0x00000000579e4a57] usable
[    0.000000] reserve setup_data: [mem 0x00000000579e4a58-0x00000000579e5017] usable
[    0.000000] reserve setup_data: [mem 0x00000000579e5018-0x0000000057aab657] usable
[    0.000000] reserve setup_data: [mem 0x0000000057aab658-0x0000000057b76017] usable
[    0.000000] reserve setup_data: [mem 0x0000000057b76018-0x0000000057b9da57] usable
[    0.000000] reserve setup_data: [mem 0x0000000057b9da58-0x0000000057ca3017] usable
[    0.000000] reserve setup_data: [mem 0x0000000057ca3018-0x0000000057cab057] usable
[    0.000000] reserve setup_data: [mem 0x0000000057cab058-0x000000006670efff] usable
[    0.000000] reserve setup_data: [mem 0x000000006670f000-0x000000006cc0bfff] reserved
[    0.000000] reserve setup_data: [mem 0x000000006cc0c000-0x000000006d50bfff] ACPI data
[    0.000000] reserve setup_data: [mem 0x000000006d50c000-0x0000000070d02fff] ACPI NVS
[    0.000000] reserve setup_data: [mem 0x0000000070d03000-0x00000000777fefff] reserved
[    0.000000] reserve setup_data: [mem 0x00000000777ff000-0x00000000777fffff] usable
[    0.000000] reserve setup_data: [mem 0x0000000077800000-0x000000008fffffff] reserved
[    0.000000] reserve setup_data: [mem 0x00000000fe010000-0x00000000fe010fff] reserved
[    0.000000] reserve setup_data: [mem 0x00000000ff000000-0x00000000ffffffff] reserved
[    0.000000] reserve setup_data: [mem 0x0000000100000000-0x000000c07fffffff] usable
[    0.000000] efi: EFI v2.90 by American Megatrends
[    0.000000] efi: ACPI=0x70b7f000 ACPI 2.0=0x70b7f014 SMBIOS=0x76f27000 SMBIOS 3.0=0x76f26000 MEMATTR=0x60bb5018 ESRT=0x638f0298 MOKvar=0x76f25000 
[    0.000000] secureboot: Secure boot disabled
[    0.000000] SMBIOS 3.6.0 present.
[    0.000000] DMI: YLX Y742-X4(SW)/G4DCT_PCBA, BIOS G4DCT560 07/21/2026
[    0.000000] tsc: Detected 2100.000 MHz processor
[    0.000021] e820: update [mem 0x00000000-0x00000fff] usable ==> reserved
[    0.000026] e820: remove [mem 0x000a0000-0x000fffff] usable
[    0.000046] last_pfn = 0xc080000 max_arch_pfn = 0x10000000000
[    0.000279] x86/PAT: Configuration [0-7]: WB  WC  UC- UC  WB  WP  UC- WT  
[    0.002153] total RAM covered: 1046528M
[    0.002320] Found optimal setting for mtrr clean up
[    0.002321]  gran_size: 64K 	chunk_size: 64K 	num_reg: 9  	lose cover RAM: 0G
[    0.002909] e820: update [mem 0x80000000-0xffffffff] usable ==> reserved
[    0.002914] x2apic: enabled by BIOS, switching to x2apic ops
[    0.002916] last_pfn = 0x77800 max_arch_pfn = 0x10000000000
[    0.013326] esrt: Reserving ESRT space from 0x00000000638f0298 to 0x00000000638f0320.
[    0.013334] e820: update [mem 0x638f0000-0x638f0fff] usable ==> reserved
[    0.013388] Using GB pages for direct mapping
[    0.013930] secureboot: Secure boot disabled
[    0.013931] RAMDISK: [mem 0x501d7000-0x56a4efff]
[    0.013937] ACPI: Early table checksum verification disabled
[    0.013941] ACPI: RSDP 0x0000000070B7F014 000024 (v02 ALASKA)
[    0.013946] ACPI: XSDT 0x0000000070B7E728 00011C (v01 ALASKA A M I    01072009 AMI  01000013)
[    0.013953] ACPI: FACP 0x000000006D509000 000114 (v06 ALASKA A M I    01072009 INTL 20091013)
[    0.013959] ACPI: DSDT 0x000000006D43B000 0CBFA6 (v02 ALASKA A M I    01072009 INTL 20091013)
[    0.013964] ACPI: FACS 0x0000000070D01000 000040
[    0.013967] ACPI: SPMI 0x000000006D508000 000041 (v05 ALASKA A M I    00000000 AMI. 00000000)
[    0.013971] ACPI: SPMI 0x000000006D507000 000041 (v05 ALASKA A M I    00000000 AMI. 00000000)
[    0.013976] ACPI: FIDT 0x000000006D43A000 00009C (v01 ALASKA A M I    01072009 AMI  00010013)
[    0.013980] ACPI: SSDT 0x000000006D50B000 000058 (v02 CXLD   CXLT     00001000 INTL 20210331)
[    0.013984] ACPI: SSDT 0x000000006D50A000 00074C (v02 INTEL  RAS_ACPI 00000001 INTL 20210331)
[    0.013988] ACPI: ERST 0x000000006D439000 000230 (v01 ALASKA A M I    00000001 INTL 00000001)
[    0.013992] ACPI: BERT 0x000000006D438000 000030 (v01 ALASKA A M I    00000001 INTL 00000001)
[    0.013996] ACPI: SSDT 0x000000006D437000 00076E (v02 INTEL  ADDRXLAT 00000001 INTL 20210331)
[    0.014000] ACPI: MCFG 0x000000006D436000 00003C (v01 ALASKA A M I    01072009 MSFT 00000097)
[    0.014004] ACPI: BDAT 0x000000006D435000 000030 (v01 ALASKA A M I    00000000 INTL 20091013)
[    0.014008] ACPI: HPET 0x000000006D434000 000038 (v01 ALASKA A M I    00000001 INTL 20091013)
[    0.014011] ACPI: MSCT 0x000000006D433000 000090 (v01 ALASKA A M I    00000001 INTL 20091013)
[    0.014015] ACPI: WDDT 0x000000006D432000 000040 (v01 ALASKA A M I    00000000 INTL 20091013)
[    0.014019] ACPI: APIC 0x000000006D430000 000C5E (v04 ALASKA A M I    00000000 INTL 20091013)
[    0.014023] ACPI: SRAT 0x000000006D428000 007830 (v03 ALASKA A M I    00000002 AMI  01000013)
[    0.014027] ACPI: SLIT 0x000000006D427000 000030 (v01 ALASKA A M I    01072009 AMI  01000013)
[    0.014031] ACPI: HMAT 0x000000006D426000 000158 (v02 ALASKA A M I    01072009 AMI  01000013)
[    0.014035] ACPI: OEM4 0x000000006D29E000 187A51 (v02 INTEL  CPU  CST 00003000 INTL 20210331)
[    0.014039] ACPI: OEM1 0x000000006D18A000 113479 (v02 INTEL  CPU EIST 00003000 INTL 20210331)
[    0.014043] ACPI: OEM2 0x000000006D143000 046031 (v02 INTEL  CPU  HWP 00003000 INTL 20210331)
[    0.014047] ACPI: SSDT 0x000000006D0D9000 069895 (v02 INTEL  SSDT  PM 00004000 INTL 20210331)
[    0.014051] ACPI: SSDT 0x000000006D0D8000 000957 (v02 ALASKA A M I    00000000 INTL 20091013)
[    0.014055] ACPI: HEST 0x000000006D0D7000 00013C (v01 ALASKA A M I    00000001 INTL 00000001)
[    0.014058] ACPI: DMAR 0x000000006D0D6000 0004D8 (v01 ALASKA A M I    00000001 INTL 20091013)
[    0.014062] ACPI: FPDT 0x000000006D0D5000 000044 (v01 ALASKA A M I    01072009 AMI  01000013)
[    0.014066] ACPI: BGRT 0x000000006D0D4000 000038 (v01 ALASKA A M I    01072009 AMI  00010013)
[    0.014070] ACPI: SPCR 0x000000006D0D3000 000050 (v02 ALASKA A M I    01072009 AMI  00050020)
[    0.014074] ACPI: UEFI 0x0000000070877000 00005C (v01 INTEL  RstUefiV 00000000      00000000)
[    0.014078] ACPI: SSDT 0x000000006D0CB000 0078BA (v02 INTEL  SpsNm    00000002 INTL 20210331)
[    0.014082] ACPI: WSMT 0x000000006D431000 000028 (v01 ALASKA A M I    01072009 AMI  00010013)
[    0.014086] ACPI: Reserving FACP table memory at [mem 0x6d509000-0x6d509113]
[    0.014089] ACPI: Reserving DSDT table memory at [mem 0x6d43b000-0x6d506fa5]
[    0.014091] ACPI: Reserving FACS table memory at [mem 0x70d01000-0x70d0103f]
[    0.014092] ACPI: Reserving SPMI table memory at [mem 0x6d508000-0x6d508040]
[    0.014094] ACPI: Reserving SPMI table memory at [mem 0x6d507000-0x6d507040]
[    0.014095] ACPI: Reserving FIDT table memory at [mem 0x6d43a000-0x6d43a09b]
[    0.014097] ACPI: Reserving SSDT table memory at [mem 0x6d50b000-0x6d50b057]
[    0.014099] ACPI: Reserving SSDT table memory at [mem 0x6d50a000-0x6d50a74b]
[    0.014100] ACPI: Reserving ERST table memory at [mem 0x6d439000-0x6d43922f]
[    0.014102] ACPI: Reserving BERT table memory at [mem 0x6d438000-0x6d43802f]
[    0.014103] ACPI: Reserving SSDT table memory at [mem 0x6d437000-0x6d43776d]
[    0.014105] ACPI: Reserving MCFG table memory at [mem 0x6d436000-0x6d43603b]
[    0.014106] ACPI: Reserving BDAT table memory at [mem 0x6d435000-0x6d43502f]
[    0.014108] ACPI: Reserving HPET table memory at [mem 0x6d434000-0x6d434037]
[    0.014109] ACPI: Reserving MSCT table memory at [mem 0x6d433000-0x6d43308f]
[    0.014111] ACPI: Reserving WDDT table memory at [mem 0x6d432000-0x6d43203f]
[    0.014113] ACPI: Reserving APIC table memory at [mem 0x6d430000-0x6d430c5d]
[    0.014114] ACPI: Reserving SRAT table memory at [mem 0x6d428000-0x6d42f82f]
[    0.014116] ACPI: Reserving SLIT table memory at [mem 0x6d427000-0x6d42702f]
[    0.014117] ACPI: Reserving HMAT table memory at [mem 0x6d426000-0x6d426157]
[    0.014119] ACPI: Reserving OEM4 table memory at [mem 0x6d29e000-0x6d425a50]
[    0.014121] ACPI: Reserving OEM1 table memory at [mem 0x6d18a000-0x6d29d478]
[    0.014122] ACPI: Reserving OEM2 table memory at [mem 0x6d143000-0x6d189030]
[    0.014124] ACPI: Reserving SSDT table memory at [mem 0x6d0d9000-0x6d142894]
[    0.014125] ACPI: Reserving SSDT table memory at [mem 0x6d0d8000-0x6d0d8956]
[    0.014127] ACPI: Reserving HEST table memory at [mem 0x6d0d7000-0x6d0d713b]
[    0.014128] ACPI: Reserving DMAR table memory at [mem 0x6d0d6000-0x6d0d64d7]
[    0.014130] ACPI: Reserving FPDT table memory at [mem 0x6d0d5000-0x6d0d5043]
[    0.014132] ACPI: Reserving BGRT table memory at [mem 0x6d0d4000-0x6d0d4037]
[    0.014133] ACPI: Reserving SPCR table memory at [mem 0x6d0d3000-0x6d0d304f]
[    0.014135] ACPI: Reserving UEFI table memory at [mem 0x70877000-0x7087705b]
[    0.014137] ACPI: Reserving SSDT table memory at [mem 0x6d0cb000-0x6d0d28b9]
[    0.014138] ACPI: Reserving WSMT table memory at [mem 0x6d431000-0x6d431027]
[    0.014162] Setting APIC routing to cluster x2apic.
[    0.014246] SRAT: PXM 0 -> APIC 0x0000 -> Node 0
[    0.014248] SRAT: PXM 0 -> APIC 0x0001 -> Node 0
[    0.014249] SRAT: PXM 0 -> APIC 0x0002 -> Node 0
[    0.014251] SRAT: PXM 0 -> APIC 0x0003 -> Node 0
[    0.014252] SRAT: PXM 0 -> APIC 0x0004 -> Node 0
[    0.014253] SRAT: PXM 0 -> APIC 0x0005 -> Node 0
[    0.014254] SRAT: PXM 0 -> APIC 0x0006 -> Node 0
[    0.014255] SRAT: PXM 0 -> APIC 0x0007 -> Node 0
[    0.014256] SRAT: PXM 0 -> APIC 0x0008 -> Node 0
[    0.014258] SRAT: PXM 0 -> APIC 0x0009 -> Node 0
[    0.014259] SRAT: PXM 0 -> APIC 0x000a -> Node 0
[    0.014260] SRAT: PXM 0 -> APIC 0x000b -> Node 0
[    0.014261] SRAT: PXM 0 -> APIC 0x000c -> Node 0
[    0.014262] SRAT: PXM 0 -> APIC 0x000d -> Node 0
[    0.014263] SRAT: PXM 0 -> APIC 0x000e -> Node 0
[    0.014265] SRAT: PXM 0 -> APIC 0x000f -> Node 0
[    0.014266] SRAT: PXM 0 -> APIC 0x0010 -> Node 0
[    0.014267] SRAT: PXM 0 -> APIC 0x0011 -> Node 0
[    0.014268] SRAT: PXM 0 -> APIC 0x0012 -> Node 0
[    0.014269] SRAT: PXM 0 -> APIC 0x0013 -> Node 0
[    0.014271] SRAT: PXM 0 -> APIC 0x0014 -> Node 0
[    0.014272] SRAT: PXM 0 -> APIC 0x0015 -> Node 0
[    0.014273] SRAT: PXM 0 -> APIC 0x0016 -> Node 0
[    0.014274] SRAT: PXM 0 -> APIC 0x0017 -> Node 0
[    0.014275] SRAT: PXM 0 -> APIC 0x0018 -> Node 0
[    0.014277] SRAT: PXM 0 -> APIC 0x0019 -> Node 0
[    0.014278] SRAT: PXM 0 -> APIC 0x001a -> Node 0
[    0.014279] SRAT: PXM 0 -> APIC 0x001b -> Node 0
[    0.014280] SRAT: PXM 0 -> APIC 0x001c -> Node 0
[    0.014281] SRAT: PXM 0 -> APIC 0x001d -> Node 0
[    0.014282] SRAT: PXM 0 -> APIC 0x001e -> Node 0
[    0.014284] SRAT: PXM 0 -> APIC 0x001f -> Node 0
[    0.014285] SRAT: PXM 0 -> APIC 0x0020 -> Node 0
[    0.014286] SRAT: PXM 0 -> APIC 0x0021 -> Node 0
[    0.014287] SRAT: PXM 0 -> APIC 0x0022 -> Node 0
[    0.014288] SRAT: PXM 0 -> APIC 0x0023 -> Node 0
[    0.014290] SRAT: PXM 0 -> APIC 0x0024 -> Node 0
[    0.014291] SRAT: PXM 0 -> APIC 0x0025 -> Node 0
[    0.014292] SRAT: PXM 0 -> APIC 0x0026 -> Node 0
[    0.014293] SRAT: PXM 0 -> APIC 0x0027 -> Node 0
[    0.014294] SRAT: PXM 0 -> APIC 0x0028 -> Node 0
[    0.014295] SRAT: PXM 0 -> APIC 0x0029 -> Node 0
[    0.014297] SRAT: PXM 0 -> APIC 0x002a -> Node 0
[    0.014298] SRAT: PXM 0 -> APIC 0x002b -> Node 0
[    0.014299] SRAT: PXM 0 -> APIC 0x002c -> Node 0
[    0.014300] SRAT: PXM 0 -> APIC 0x002d -> Node 0
[    0.014301] SRAT: PXM 0 -> APIC 0x002e -> Node 0
[    0.014302] SRAT: PXM 0 -> APIC 0x002f -> Node 0
[    0.014304] SRAT: PXM 0 -> APIC 0x0030 -> Node 0
[    0.014305] SRAT: PXM 0 -> APIC 0x0031 -> Node 0
[    0.014306] SRAT: PXM 0 -> APIC 0x0032 -> Node 0
[    0.014307] SRAT: PXM 0 -> APIC 0x0033 -> Node 0
[    0.014308] SRAT: PXM 0 -> APIC 0x0034 -> Node 0
[    0.014309] SRAT: PXM 0 -> APIC 0x0035 -> Node 0
[    0.014311] SRAT: PXM 0 -> APIC 0x0036 -> Node 0
[    0.014312] SRAT: PXM 0 -> APIC 0x0037 -> Node 0
[    0.014313] SRAT: PXM 0 -> APIC 0x0038 -> Node 0
[    0.014314] SRAT: PXM 0 -> APIC 0x0039 -> Node 0
[    0.014315] SRAT: PXM 0 -> APIC 0x003a -> Node 0
[    0.014316] SRAT: PXM 0 -> APIC 0x003b -> Node 0
[    0.014318] SRAT: PXM 0 -> APIC 0x003c -> Node 0
[    0.014319] SRAT: PXM 0 -> APIC 0x003d -> Node 0
[    0.014320] SRAT: PXM 0 -> APIC 0x003e -> Node 0
[    0.014321] SRAT: PXM 0 -> APIC 0x003f -> Node 0
[    0.014322] SRAT: PXM 0 -> APIC 0x0040 -> Node 0
[    0.014323] SRAT: PXM 0 -> APIC 0x0041 -> Node 0
[    0.014325] SRAT: PXM 0 -> APIC 0x0042 -> Node 0
[    0.014326] SRAT: PXM 0 -> APIC 0x0043 -> Node 0
[    0.014327] SRAT: PXM 0 -> APIC 0x0044 -> Node 0
[    0.014328] SRAT: PXM 0 -> APIC 0x0045 -> Node 0
[    0.014329] SRAT: PXM 0 -> APIC 0x0046 -> Node 0
[    0.014330] SRAT: PXM 0 -> APIC 0x0047 -> Node 0
[    0.014332] SRAT: PXM 0 -> APIC 0x0048 -> Node 0
[    0.014333] SRAT: PXM 0 -> APIC 0x0049 -> Node 0
[    0.014334] SRAT: PXM 0 -> APIC 0x004a -> Node 0
[    0.014335] SRAT: PXM 0 -> APIC 0x004b -> Node 0
[    0.014336] SRAT: PXM 0 -> APIC 0x004c -> Node 0
[    0.014337] SRAT: PXM 0 -> APIC 0x004d -> Node 0
[    0.014339] SRAT: PXM 0 -> APIC 0x004e -> Node 0
[    0.014340] SRAT: PXM 0 -> APIC 0x004f -> Node 0
[    0.014341] SRAT: PXM 0 -> APIC 0x0050 -> Node 0
[    0.014342] SRAT: PXM 0 -> APIC 0x0051 -> Node 0
[    0.014343] SRAT: PXM 0 -> APIC 0x0052 -> Node 0
[    0.014344] SRAT: PXM 0 -> APIC 0x0053 -> Node 0
[    0.014346] SRAT: PXM 0 -> APIC 0x0054 -> Node 0
[    0.014347] SRAT: PXM 0 -> APIC 0x0055 -> Node 0
[    0.014348] SRAT: PXM 0 -> APIC 0x0056 -> Node 0
[    0.014349] SRAT: PXM 0 -> APIC 0x0057 -> Node 0
[    0.014350] SRAT: PXM 0 -> APIC 0x0058 -> Node 0
[    0.014351] SRAT: PXM 0 -> APIC 0x0059 -> Node 0
[    0.014353] SRAT: PXM 0 -> APIC 0x005a -> Node 0
[    0.014354] SRAT: PXM 0 -> APIC 0x005b -> Node 0
[    0.014355] SRAT: PXM 0 -> APIC 0x005c -> Node 0
[    0.014356] SRAT: PXM 0 -> APIC 0x005d -> Node 0
[    0.014357] SRAT: PXM 0 -> APIC 0x005e -> Node 0
[    0.014358] SRAT: PXM 0 -> APIC 0x005f -> Node 0
[    0.014360] SRAT: PXM 1 -> APIC 0x0080 -> Node 1
[    0.014361] SRAT: PXM 1 -> APIC 0x0081 -> Node 1
[    0.014362] SRAT: PXM 1 -> APIC 0x0082 -> Node 1
[    0.014363] SRAT: PXM 1 -> APIC 0x0083 -> Node 1
[    0.014364] SRAT: PXM 1 -> APIC 0x0084 -> Node 1
[    0.014366] SRAT: PXM 1 -> APIC 0x0085 -> Node 1
[    0.014367] SRAT: PXM 1 -> APIC 0x0086 -> Node 1
[    0.014368] SRAT: PXM 1 -> APIC 0x0087 -> Node 1
[    0.014369] SRAT: PXM 1 -> APIC 0x0088 -> Node 1
[    0.014370] SRAT: PXM 1 -> APIC 0x0089 -> Node 1
[    0.014371] SRAT: PXM 1 -> APIC 0x008a -> Node 1
[    0.014373] SRAT: PXM 1 -> APIC 0x008b -> Node 1
[    0.014374] SRAT: PXM 1 -> APIC 0x008c -> Node 1
[    0.014375] SRAT: PXM 1 -> APIC 0x008d -> Node 1
[    0.014376] SRAT: PXM 1 -> APIC 0x008e -> Node 1
[    0.014377] SRAT: PXM 1 -> APIC 0x008f -> Node 1
[    0.014378] SRAT: PXM 1 -> APIC 0x0090 -> Node 1
[    0.014380] SRAT: PXM 1 -> APIC 0x0091 -> Node 1
[    0.014381] SRAT: PXM 1 -> APIC 0x0092 -> Node 1
[    0.014382] SRAT: PXM 1 -> APIC 0x0093 -> Node 1
[    0.014383] SRAT: PXM 1 -> APIC 0x0094 -> Node 1
[    0.014384] SRAT: PXM 1 -> APIC 0x0095 -> Node 1
[    0.014385] SRAT: PXM 1 -> APIC 0x0096 -> Node 1
[    0.014387] SRAT: PXM 1 -> APIC 0x0097 -> Node 1
[    0.014388] SRAT: PXM 1 -> APIC 0x0098 -> Node 1
[    0.014389] SRAT: PXM 1 -> APIC 0x0099 -> Node 1
[    0.014390] SRAT: PXM 1 -> APIC 0x009a -> Node 1
[    0.014391] SRAT: PXM 1 -> APIC 0x009b -> Node 1
[    0.014392] SRAT: PXM 1 -> APIC 0x009c -> Node 1
[    0.014394] SRAT: PXM 1 -> APIC 0x009d -> Node 1
[    0.014395] SRAT: PXM 1 -> APIC 0x009e -> Node 1
[    0.014396] SRAT: PXM 1 -> APIC 0x009f -> Node 1
[    0.014397] SRAT: PXM 1 -> APIC 0x00a0 -> Node 1
[    0.014398] SRAT: PXM 1 -> APIC 0x00a1 -> Node 1
[    0.014399] SRAT: PXM 1 -> APIC 0x00a2 -> Node 1
[    0.014401] SRAT: PXM 1 -> APIC 0x00a3 -> Node 1
[    0.014402] SRAT: PXM 1 -> APIC 0x00a4 -> Node 1
[    0.014403] SRAT: PXM 1 -> APIC 0x00a5 -> Node 1
[    0.014404] SRAT: PXM 1 -> APIC 0x00a6 -> Node 1
[    0.014405] SRAT: PXM 1 -> APIC 0x00a7 -> Node 1
[    0.014406] SRAT: PXM 1 -> APIC 0x00a8 -> Node 1
[    0.014408] SRAT: PXM 1 -> APIC 0x00a9 -> Node 1
[    0.014409] SRAT: PXM 1 -> APIC 0x00aa -> Node 1
[    0.014410] SRAT: PXM 1 -> APIC 0x00ab -> Node 1
[    0.014411] SRAT: PXM 1 -> APIC 0x00ac -> Node 1
[    0.014412] SRAT: PXM 1 -> APIC 0x00ad -> Node 1
[    0.014413] SRAT: PXM 1 -> APIC 0x00ae -> Node 1
[    0.014415] SRAT: PXM 1 -> APIC 0x00af -> Node 1
[    0.014416] SRAT: PXM 1 -> APIC 0x00b0 -> Node 1
[    0.014417] SRAT: PXM 1 -> APIC 0x00b1 -> Node 1
[    0.014418] SRAT: PXM 1 -> APIC 0x00b2 -> Node 1
[    0.014419] SRAT: PXM 1 -> APIC 0x00b3 -> Node 1
[    0.014420] SRAT: PXM 1 -> APIC 0x00b4 -> Node 1
[    0.014422] SRAT: PXM 1 -> APIC 0x00b5 -> Node 1
[    0.014423] SRAT: PXM 1 -> APIC 0x00b6 -> Node 1
[    0.014424] SRAT: PXM 1 -> APIC 0x00b7 -> Node 1
[    0.014425] SRAT: PXM 1 -> APIC 0x00b8 -> Node 1
[    0.014426] SRAT: PXM 1 -> APIC 0x00b9 -> Node 1
[    0.014427] SRAT: PXM 1 -> APIC 0x00ba -> Node 1
[    0.014428] SRAT: PXM 1 -> APIC 0x00bb -> Node 1
[    0.014430] SRAT: PXM 1 -> APIC 0x00bc -> Node 1
[    0.014431] SRAT: PXM 1 -> APIC 0x00bd -> Node 1
[    0.014432] SRAT: PXM 1 -> APIC 0x00be -> Node 1
[    0.014433] SRAT: PXM 1 -> APIC 0x00bf -> Node 1
[    0.014434] SRAT: PXM 1 -> APIC 0x00c0 -> Node 1
[    0.014435] SRAT: PXM 1 -> APIC 0x00c1 -> Node 1
[    0.014437] SRAT: PXM 1 -> APIC 0x00c2 -> Node 1
[    0.014438] SRAT: PXM 1 -> APIC 0x00c3 -> Node 1
[    0.014439] SRAT: PXM 1 -> APIC 0x00c4 -> Node 1
[    0.014440] SRAT: PXM 1 -> APIC 0x00c5 -> Node 1
[    0.014441] SRAT: PXM 1 -> APIC 0x00c6 -> Node 1
[    0.014442] SRAT: PXM 1 -> APIC 0x00c7 -> Node 1
[    0.014444] SRAT: PXM 1 -> APIC 0x00c8 -> Node 1
[    0.014445] SRAT: PXM 1 -> APIC 0x00c9 -> Node 1
[    0.014446] SRAT: PXM 1 -> APIC 0x00ca -> Node 1
[    0.014447] SRAT: PXM 1 -> APIC 0x00cb -> Node 1
[    0.014448] SRAT: PXM 1 -> APIC 0x00cc -> Node 1
[    0.014449] SRAT: PXM 1 -> APIC 0x00cd -> Node 1
[    0.014450] SRAT: PXM 1 -> APIC 0x00ce -> Node 1
[    0.014452] SRAT: PXM 1 -> APIC 0x00cf -> Node 1
[    0.014453] SRAT: PXM 1 -> APIC 0x00d0 -> Node 1
[    0.014454] SRAT: PXM 1 -> APIC 0x00d1 -> Node 1
[    0.014455] SRAT: PXM 1 -> APIC 0x00d2 -> Node 1
[    0.014456] SRAT: PXM 1 -> APIC 0x00d3 -> Node 1
[    0.014457] SRAT: PXM 1 -> APIC 0x00d4 -> Node 1
[    0.014459] SRAT: PXM 1 -> APIC 0x00d5 -> Node 1
[    0.014460] SRAT: PXM 1 -> APIC 0x00d6 -> Node 1
[    0.014461] SRAT: PXM 1 -> APIC 0x00d7 -> Node 1
[    0.014462] SRAT: PXM 1 -> APIC 0x00d8 -> Node 1
[    0.014463] SRAT: PXM 1 -> APIC 0x00d9 -> Node 1
[    0.014464] SRAT: PXM 1 -> APIC 0x00da -> Node 1
[    0.014466] SRAT: PXM 1 -> APIC 0x00db -> Node 1
[    0.014467] SRAT: PXM 1 -> APIC 0x00dc -> Node 1
[    0.014468] SRAT: PXM 1 -> APIC 0x00dd -> Node 1
[    0.014469] SRAT: PXM 1 -> APIC 0x00de -> Node 1
[    0.014470] SRAT: PXM 1 -> APIC 0x00df -> Node 1
[    0.014487] ACPI: SRAT: Node 0 PXM 0 [mem 0x00000000-0x7fffffff]
[    0.014490] ACPI: SRAT: Node 0 PXM 0 [mem 0x100000000-0x607fffffff]
[    0.014492] ACPI: SRAT: Node 1 PXM 1 [mem 0x6080000000-0xc07fffffff]
[    0.014508] NUMA: Initialized distance table, cnt=2
[    0.014511] NUMA: Node 0 [mem 0x00000000-0x7fffffff] + [mem 0x100000000-0x607fffffff] -> [mem 0x00000000-0x607fffffff]
[    0.014524] NODE_DATA(0) allocated [mem 0x607ffd6000-0x607fffffff]
[    0.014543] NODE_DATA(1) allocated [mem 0xc07ffd4000-0xc07fffdfff]
[    0.016052] Zone ranges:
[    0.016054]   DMA      [mem 0x0000000000001000-0x0000000000ffffff]
[    0.016057]   DMA32    [mem 0x0000000001000000-0x00000000ffffffff]
[    0.016059]   Normal   [mem 0x0000000100000000-0x000000c07fffffff]
[    0.016061]   Device   empty
[    0.016063] Movable zone start for each node
[    0.016066] Early memory node ranges
[    0.016067]   node   0: [mem 0x0000000000001000-0x000000000003dfff]
[    0.016069]   node   0: [mem 0x000000000003f000-0x000000000009ffff]
[    0.016071]   node   0: [mem 0x0000000000100000-0x000000006670efff]
[    0.016072]   node   0: [mem 0x00000000777ff000-0x00000000777fffff]
[    0.016074]   node   0: [mem 0x0000000100000000-0x000000607fffffff]
[    0.016116]   node   1: [mem 0x0000006080000000-0x000000c07fffffff]
[    0.016156] Initmem setup node 0 [mem 0x0000000000001000-0x000000607fffffff]
[    0.016161] Initmem setup node 1 [mem 0x0000006080000000-0x000000c07fffffff]
[    0.016165] On node 0, zone DMA: 1 pages in unavailable ranges
[    0.016168] On node 0, zone DMA: 1 pages in unavailable ranges
[    0.016214] On node 0, zone DMA: 96 pages in unavailable ranges
[    0.021459] On node 0, zone DMA32: 37104 pages in unavailable ranges
[    1.141974] On node 0, zone Normal: 2048 pages in unavailable ranges
[    2.548998] ACPI: PM-Timer IO Port: 0x508
[    2.549035] ACPI: X2APIC_NMI (uid[0xffffffff] high edge lint[0x1])
[    2.549039] ACPI: LAPIC_NMI (acpi_id[0xff] high edge lint[0x1])
[    2.549072] IOAPIC[0]: apic_id 8, version 32, address 0xfec00000, GSI 0-23
[    2.549077] ACPI: INT_SRC_OVR (bus 0 bus_irq 0 global_irq 2 dfl dfl)
[    2.549079] ACPI: INT_SRC_OVR (bus 0 bus_irq 9 global_irq 9 high level)
[    2.549085] ACPI: Using ACPI (MADT) for SMP configuration information
[    2.549087] ACPI: HPET id: 0x8086a701 base: 0xfed00000
[    2.549100] e820: update [mem 0x5fc61000-0x5fc7efff] usable ==> reserved
[    2.549126] ACPI: SPCR: console: uart,io,0x3f8,115200
[    2.549128] TSC deadline timer available
[    2.549129] smpboot: Allowing 192 CPUs, 0 hotplug CPUs
[    2.549162] PM: hibernation: Registered nosave memory: [mem 0x00000000-0x00000fff]
[    2.549165] PM: hibernation: Registered nosave memory: [mem 0x0003e000-0x0003efff]
[    2.549168] PM: hibernation: Registered nosave memory: [mem 0x000a0000-0x000fffff]
[    2.549170] PM: hibernation: Registered nosave memory: [mem 0x56bb9000-0x56bb9fff]
[    2.549173] PM: hibernation: Registered nosave memory: [mem 0x56c7f000-0x56c7ffff]
[    2.549175] PM: hibernation: Registered nosave memory: [mem 0x572a3000-0x572a3fff]
[    2.549178] PM: hibernation: Registered nosave memory: [mem 0x57369000-0x57369fff]
[    2.549180] PM: hibernation: Registered nosave memory: [mem 0x5762c000-0x5762cfff]
[    2.549182] PM: hibernation: Registered nosave memory: [mem 0x57653000-0x57653fff]
[    2.549184] PM: hibernation: Registered nosave memory: [mem 0x57654000-0x57654fff]
[    2.549186] PM: hibernation: Registered nosave memory: [mem 0x5767b000-0x5767bfff]
[    2.549187] PM: hibernation: Registered nosave memory: [mem 0x5767c000-0x5767cfff]
[    2.549190] PM: hibernation: Registered nosave memory: [mem 0x576a3000-0x576a3fff]
[    2.549192] PM: hibernation: Registered nosave memory: [mem 0x57945000-0x57945fff]
[    2.549195] PM: hibernation: Registered nosave memory: [mem 0x5796c000-0x5796cfff]
[    2.549196] PM: hibernation: Registered nosave memory: [mem 0x5796d000-0x5796dfff]
[    2.549198] PM: hibernation: Registered nosave memory: [mem 0x57994000-0x57994fff]
[    2.549200] PM: hibernation: Registered nosave memory: [mem 0x57995000-0x57995fff]
[    2.549202] PM: hibernation: Registered nosave memory: [mem 0x579bc000-0x579bcfff]
[    2.549203] PM: hibernation: Registered nosave memory: [mem 0x579bd000-0x579bdfff]
[    2.549206] PM: hibernation: Registered nosave memory: [mem 0x579e4000-0x579e4fff]
[    2.549207] PM: hibernation: Registered nosave memory: [mem 0x579e5000-0x579e5fff]
[    2.549210] PM: hibernation: Registered nosave memory: [mem 0x57aab000-0x57aabfff]
[    2.549212] PM: hibernation: Registered nosave memory: [mem 0x57b76000-0x57b76fff]
[    2.549215] PM: hibernation: Registered nosave memory: [mem 0x57b9d000-0x57b9dfff]
[    2.549217] PM: hibernation: Registered nosave memory: [mem 0x57ca3000-0x57ca3fff]
[    2.549220] PM: hibernation: Registered nosave memory: [mem 0x57cab000-0x57cabfff]
[    2.549223] PM: hibernation: Registered nosave memory: [mem 0x5fc61000-0x5fc7efff]
[    2.549230] PM: hibernation: Registered nosave memory: [mem 0x638f0000-0x638f0fff]
[    2.549233] PM: hibernation: Registered nosave memory: [mem 0x6670f000-0x6cc0bfff]
[    2.549234] PM: hibernation: Registered nosave memory: [mem 0x6cc0c000-0x6d50bfff]
[    2.549236] PM: hibernation: Registered nosave memory: [mem 0x6d50c000-0x70d02fff]
[    2.549237] PM: hibernation: Registered nosave memory: [mem 0x70d03000-0x777fefff]
[    2.549240] PM: hibernation: Registered nosave memory: [mem 0x77800000-0x8fffffff]
[    2.549241] PM: hibernation: Registered nosave memory: [mem 0x90000000-0xfe00ffff]
[    2.549242] PM: hibernation: Registered nosave memory: [mem 0xfe010000-0xfe010fff]
[    2.549243] PM: hibernation: Registered nosave memory: [mem 0xfe011000-0xfeffffff]
[    2.549245] PM: hibernation: Registered nosave memory: [mem 0xff000000-0xffffffff]
[    2.549247] [mem 0x90000000-0xfe00ffff] available for PCI devices
[    2.549249] Booting paravirtualized kernel on bare hardware
[    2.549252] clocksource: refined-jiffies: mask: 0xffffffff max_cycles: 0xffffffff, max_idle_ns: 7645519600211568 ns
[    2.549261] setup_percpu: NR_CPUS:8192 nr_cpumask_bits:192 nr_cpu_ids:192 nr_node_ids:2
[    2.559061] percpu: Embedded 62 pages/cpu s217088 r8192 d28672 u262144
[    2.559078] pcpu-alloc: s217088 r8192 d28672 u262144 alloc=1*2097152
[    2.559081] pcpu-alloc: [0] 000 001 002 003 004 005 006 007 
[    2.559088] pcpu-alloc: [0] 008 009 010 011 012 013 014 015 
[    2.559094] pcpu-alloc: [0] 016 017 018 019 020 021 022 023 
[    2.559100] pcpu-alloc: [0] 024 025 026 027 028 029 030 031 
[    2.559106] pcpu-alloc: [0] 032 033 034 035 036 037 038 039 
[    2.559112] pcpu-alloc: [0] 040 041 042 043 044 045 046 047 
[    2.559117] pcpu-alloc: [0] 096 097 098 099 100 101 102 103 
[    2.559123] pcpu-alloc: [0] 104 105 106 107 108 109 110 111 
[    2.559129] pcpu-alloc: [0] 112 113 114 115 116 117 118 119 
[    2.559135] pcpu-alloc: [0] 120 121 122 123 124 125 126 127 
[    2.559141] pcpu-alloc: [0] 128 129 130 131 132 133 134 135 
[    2.559146] pcpu-alloc: [0] 136 137 138 139 140 141 142 143 
[    2.559152] pcpu-alloc: [1] 048 049 050 051 052 053 054 055 
[    2.559158] pcpu-alloc: [1] 056 057 058 059 060 061 062 063 
[    2.559164] pcpu-alloc: [1] 064 065 066 067 068 069 070 071 
[    2.559169] pcpu-alloc: [1] 072 073 074 075 076 077 078 079 
[    2.559175] pcpu-alloc: [1] 080 081 082 083 084 085 086 087 
[    2.559181] pcpu-alloc: [1] 088 089 090 091 092 093 094 095 
[    2.559187] pcpu-alloc: [1] 144 145 146 147 148 149 150 151 
[    2.559192] pcpu-alloc: [1] 152 153 154 155 156 157 158 159 
[    2.559198] pcpu-alloc: [1] 160 161 162 163 164 165 166 167 
[    2.559204] pcpu-alloc: [1] 168 169 170 171 172 173 174 175 
[    2.559210] pcpu-alloc: [1] 176 177 178 179 180 181 182 183 
[    2.559216] pcpu-alloc: [1] 184 185 186 187 188 189 190 191 
[    2.559291] Built 2 zonelists, mobility grouping on.  Total pages: 198077555
[    2.559294] Policy zone: Normal
[    2.559295] Kernel command line: BOOT_IMAGE=/boot/vmlinuz-5.15.0-119-generic root=UUID=6021941d-b9c0-44d6-98a4-7daa154fab17 ro amd_pstate=passive
[    2.559355] Unknown kernel command line parameters "BOOT_IMAGE=/boot/vmlinuz-5.15.0-119-generic", will be passed to user space.
[    2.559358] printk: log_buf_len individual max cpu contribution: 4096 bytes
[    2.559359] printk: log_buf_len total cpu_extra contributions: 782336 bytes
[    2.559361] printk: log_buf_len min size: 262144 bytes
[    2.560472] printk: log_buf_len: 1048576 bytes
[    2.560474] printk: early log buf free: 231440(88%)
[    2.566311] mem auto-init: stack:off, heap alloc:on, heap free:off
[    4.366996] Memory: 791868528K/804887224K available (16393K kernel code, 4397K rwdata, 10960K rodata, 3368K init, 18700K bss, 13018492K reserved, 0K cma-reserved)
[    4.368519] SLUB: HWalign=64, Order=0-3, MinObjects=0, CPUs=192, Nodes=2
[    4.368611] ftrace: allocating 50750 entries in 199 pages
[    4.399237] ftrace: allocated 199 pages with 5 groups
[    4.400212] rcu: Hierarchical RCU implementation.
[    4.400213] rcu: 	RCU restricting CPUs from NR_CPUS=8192 to nr_cpu_ids=192.
[    4.400216] 	Rude variant of Tasks RCU enabled.
[    4.400217] 	Tracing variant of Tasks RCU enabled.
[    4.400218] rcu: RCU calculated value of scheduler-enlistment delay is 25 jiffies.
[    4.400219] rcu: Adjusting geometry for rcu_fanout_leaf=16, nr_cpu_ids=192
[    4.405352] NR_IRQS: 524544, nr_irqs: 1960, preallocated irqs: 16
[    4.405987] random: crng init done
[    4.406352] Console: colour dummy device 80x25
[    4.406858] printk: console [tty0] enabled
[    4.407190] mempolicy: Enabling automatic NUMA balancing. Configure with numa_balancing= or the kernel.numa_balancing sysctl
[    4.407198] ACPI: Core revision 20210730
[    4.409619] clocksource: hpet: mask: 0xffffffff max_cycles: 0xffffffff, max_idle_ns: 76450417870 ns
[    4.409698] APIC: Switch to symmetric I/O mode setup
[    4.409701] DMAR: Host address width 52
[    4.409703] DMAR: DRHD base: 0x000000cabfc000 flags: 0x0
[    4.409710] DMAR: dmar0: reg_base_addr cabfc000 ver 6:0 cap 19ed008c40780c66 ecap 3ef9e86f050df
[    4.409715] DMAR: DRHD base: 0x000000d97fc000 flags: 0x0
[    4.409720] DMAR: dmar1: reg_base_addr d97fc000 ver 6:0 cap 19ed008c40780c66 ecap 3ef9e86f050df
[    4.409724] DMAR: DRHD base: 0x000000e97fc000 flags: 0x0
[    4.409728] DMAR: dmar2: reg_base_addr e97fc000 ver 6:0 cap 19ed008c40780c66 ecap 3ef9e86f050df
[    4.409732] DMAR: DRHD base: 0x000000f17fc000 flags: 0x0
[    4.409737] DMAR: dmar3: reg_base_addr f17fc000 ver 6:0 cap 19ed008c40780c66 ecap 3ef9e86f050df
[    4.409741] DMAR: DRHD base: 0x000000f97fc000 flags: 0x0
[    4.409745] DMAR: dmar4: reg_base_addr f97fc000 ver 6:0 cap 19ed008c40780c66 ecap 3ef9e86f050df
[    4.409749] DMAR: DRHD base: 0x000000c93fc000 flags: 0x0
[    4.409755] DMAR: dmar5: reg_base_addr c93fc000 ver 6:0 cap 19ed008c40780c66 ecap 3ef9e86f050df
[    4.409759] DMAR: DRHD base: 0x000000f9ffc000 flags: 0x0
[    4.409764] DMAR: dmar6: reg_base_addr f9ffc000 ver 6:0 cap 19ed008c40780c66 ecap 3ef9ea6f050df
[    4.409768] DMAR: DRHD base: 0x000000fa7fc000 flags: 0x0
[    4.409772] DMAR: dmar7: reg_base_addr fa7fc000 ver 6:0 cap 19ed008c40780c66 ecap 3ef9ea6f050df
[    4.409776] DMAR: DRHD base: 0x000000faffc000 flags: 0x0
[    4.409789] DMAR: dmar8: reg_base_addr faffc000 ver 6:0 cap 19ed008c40780c66 ecap 3ef9ea6f050df
[    4.409793] DMAR: DRHD base: 0x000000fb7fc000 flags: 0x0
[    4.409797] DMAR: dmar9: reg_base_addr fb7fc000 ver 6:0 cap 19ed008c40780c66 ecap 3ef9ea6f050df
[    4.409801] DMAR: DRHD base: 0x000000957fc000 flags: 0x0
[    4.409805] DMAR: dmar10: reg_base_addr 957fc000 ver 6:0 cap 19ed008c40780c66 ecap 3ef9e86f050df
[    4.409809] DMAR: DRHD base: 0x000000a43fc000 flags: 0x0
[    4.409813] DMAR: dmar11: reg_base_addr a43fc000 ver 6:0 cap 19ed008c40780c66 ecap 3ef9e86f050df
[    4.409817] DMAR: DRHD base: 0x000000b43fc000 flags: 0x0
[    4.409821] DMAR: dmar12: reg_base_addr b43fc000 ver 6:0 cap 19ed008c40780c66 ecap 3ef9e86f050df
[    4.409825] DMAR: DRHD base: 0x000000bcbfc000 flags: 0x0
[    4.409829] DMAR: dmar13: reg_base_addr bcbfc000 ver 6:0 cap 19ed008c40780c66 ecap 3ef9e86f050df
[    4.409832] DMAR: DRHD base: 0x000000c67fc000 flags: 0x0
[    4.409836] DMAR: dmar14: reg_base_addr c67fc000 ver 6:0 cap 19ed008c40780c66 ecap 3ef9e86f050df
[    4.409840] DMAR: DRHD base: 0x000000c6ffc000 flags: 0x0
[    4.409844] DMAR: dmar15: reg_base_addr c6ffc000 ver 6:0 cap 19ed008c40780c66 ecap 3ef9ea6f050df
[    4.409848] DMAR: DRHD base: 0x000000c77fc000 flags: 0x0
[    4.409852] DMAR: dmar16: reg_base_addr c77fc000 ver 6:0 cap 19ed008c40780c66 ecap 3ef9ea6f050df
[    4.409855] DMAR: DRHD base: 0x000000c7ffc000 flags: 0x0
[    4.409860] DMAR: dmar17: reg_base_addr c7ffc000 ver 6:0 cap 19ed008c40780c66 ecap 3ef9ea6f050df
[    4.409863] DMAR: DRHD base: 0x000000c87fc000 flags: 0x0
[    4.409867] DMAR: dmar18: reg_base_addr c87fc000 ver 6:0 cap 19ed008c40780c66 ecap 3ef9ea6f050df
[    4.409871] DMAR: DRHD base: 0x000000953fc000 flags: 0x1
[    4.409879] DMAR: dmar19: reg_base_addr 953fc000 ver 6:0 cap 19ed008c40780c66 ecap 3ef9e86f050df
[    4.409883] DMAR: RMRR base: 0x00000076f95000 end: 0x00000076fb7fff
[    4.409886] DMAR: RMRR base: 0x00000072a13000 end: 0x00000072c5cfff
[    4.409888] DMAR: ATSR flags: 0x0
[    4.409891] DMAR: RHSA base: 0x000000953fc000 proximity domain: 0x0
[    4.409893] DMAR: RHSA base: 0x000000957fc000 proximity domain: 0x0
[    4.409895] DMAR: RHSA base: 0x000000a43fc000 proximity domain: 0x0
[    4.409897] DMAR: RHSA base: 0x000000b43fc000 proximity domain: 0x0
[    4.409899] DMAR: RHSA base: 0x000000bcbfc000 proximity domain: 0x0
[    4.409901] DMAR: RHSA base: 0x000000c67fc000 proximity domain: 0x0
[    4.409903] DMAR: RHSA base: 0x000000c6ffc000 proximity domain: 0x0
[    4.409905] DMAR: RHSA base: 0x000000c77fc000 proximity domain: 0x0
[    4.409907] DMAR: RHSA base: 0x000000c7ffc000 proximity domain: 0x0
[    4.409909] DMAR: RHSA base: 0x000000c87fc000 proximity domain: 0x0
[    4.409911] DMAR: RHSA base: 0x000000cabfc000 proximity domain: 0x1
[    4.409913] DMAR: RHSA base: 0x000000d97fc000 proximity domain: 0x1
[    4.409915] DMAR: RHSA base: 0x000000e97fc000 proximity domain: 0x1
[    4.409917] DMAR: RHSA base: 0x000000f17fc000 proximity domain: 0x1
[    4.409919] DMAR: RHSA base: 0x000000f97fc000 proximity domain: 0x1
[    4.409921] DMAR: RHSA base: 0x000000c93fc000 proximity domain: 0x1
[    4.409923] DMAR: RHSA base: 0x000000f9ffc000 proximity domain: 0x1
[    4.409925] DMAR: RHSA base: 0x000000fa7fc000 proximity domain: 0x1
[    4.409927] DMAR: RHSA base: 0x000000faffc000 proximity domain: 0x1
[    4.409929] DMAR: RHSA base: 0x000000fb7fc000 proximity domain: 0x1
[    4.409931] DMAR: SATC flags: 0x0
[    4.409934] DMAR-IR: IOAPIC id 8 under DRHD base  0x953fc000 IOMMU 19
[    4.409937] DMAR-IR: HPET id 0 under DRHD base 0x953fc000
[    4.409940] DMAR-IR: Queued invalidation will be enabled to support x2apic and Intr-remapping.
[    4.417497] DMAR-IR: Enabled IRQ remapping in x2apic mode
[    4.418715] ..TIMER: vector=0x30 apic1=0 pin1=2 apic2=-1 pin2=-1
[    4.437686] clocksource: tsc-early: mask: 0xffffffffffffffff max_cycles: 0x1e4530a99b6, max_idle_ns: 440795257976 ns
[    4.437695] Calibrating delay loop (skipped), value calculated using timer frequency.. 4200.00 BogoMIPS (lpj=8400000)
[    4.437767] x86/cpu: SGX disabled by BIOS.
[    4.437775] CPU0: Thermal monitoring enabled (TM1)
[    4.437779] x86/cpu: User Mode Instruction Prevention (UMIP) activated
[    4.438169] Last level iTLB entries: 4KB 0, 2MB 0, 4MB 0
[    4.438171] Last level dTLB entries: 4KB 0, 2MB 0, 4MB 0, 1GB 0
[    4.438178] Spectre V1 : Mitigation: usercopy/swapgs barriers and __user pointer sanitization
[    4.438182] Spectre V2 : Mitigation: Enhanced / Automatic IBRS
[    4.438184] Spectre V2 : Spectre v2 / SpectreRSB mitigation: Filling RSB on context switch
[    4.438187] Spectre V2 : Spectre v2 / PBRSB-eIBRS: Retire a single CALL on VMEXIT
[    4.438190] Spectre V2 : mitigation: Enabling conditional Indirect Branch Prediction Barrier
[    4.438194] Speculative Store Bypass: Mitigation: Speculative Store Bypass disabled via prctl and seccomp
[    4.438249] x86/fpu: Supporting XSAVE feature 0x001: 'x87 floating point registers'
[    4.438253] x86/fpu: Supporting XSAVE feature 0x002: 'SSE registers'
[    4.438255] x86/fpu: Supporting XSAVE feature 0x004: 'AVX registers'
[    4.438257] x86/fpu: Supporting XSAVE feature 0x020: 'AVX-512 opmask'
[    4.438259] x86/fpu: Supporting XSAVE feature 0x040: 'AVX-512 Hi256'
[    4.438261] x86/fpu: Supporting XSAVE feature 0x080: 'AVX-512 ZMM_Hi256'
[    4.438263] x86/fpu: Supporting XSAVE feature 0x200: 'Protection Keys User registers'
[    4.438266] x86/fpu: Supporting XSAVE feature 0x400: 'PASID state'
[    4.438268] x86/fpu: Supporting XSAVE feature 0x20000: 'AMX Tile config'
[    4.438270] x86/fpu: Supporting XSAVE feature 0x40000: 'AMX Tile data'
[    4.438282] x86/fpu: xstate_offset[2]:  576, xstate_sizes[2]:  256
[    4.438285] x86/fpu: xstate_offset[5]:  832, xstate_sizes[5]:   64
[    4.438287] x86/fpu: xstate_offset[6]:  896, xstate_sizes[6]:  512
[    4.438289] x86/fpu: xstate_offset[7]: 1408, xstate_sizes[7]: 1024
[    4.438291] x86/fpu: xstate_offset[9]: 2432, xstate_sizes[9]:    8
[    4.438293] x86/fpu: xstate_offset[10]: 2440, xstate_sizes[10]:    8
[    4.438296] x86/fpu: xstate_offset[17]: 2496, xstate_sizes[17]:   64
[    4.438298] x86/fpu: xstate_offset[18]: 2560, xstate_sizes[18]: 8192
[    4.438300] x86/fpu: Enabled xstate features 0x606e7, context size is 10752 bytes, using 'compacted' format.
[    4.457587] Freeing SMP alternatives memory: 44K
[    4.457593] pid_max: default: 196608 minimum: 1536
[    4.462487] LSM: Security Framework initializing
[    4.462516] landlock: Up and running.
[    4.462517] Yama: becoming mindful.
[    4.462576] AppArmor: AppArmor initialized
[    4.509900] Dentry cache hash table entries: 33554432 (order: 16, 268435456 bytes, vmalloc)
[    4.533555] Inode-cache hash table entries: 16777216 (order: 15, 134217728 bytes, vmalloc)
[    4.534368] Mount-cache hash table entries: 524288 (order: 10, 4194304 bytes, vmalloc)
[    4.535130] Mountpoint-cache hash table entries: 524288 (order: 10, 4194304 bytes, vmalloc)
[    4.536237] smpboot: Estimated ratio of average max frequency by base frequency (times 1024): 1560
[    4.536269] smpboot: CPU0: Intel INTEL(R) XEON(R) PLATINUM 8558 (family: 0x6, model: 0xcf, stepping: 0x2)
[    4.536599] Performance Events: XSAVE Architectural LBR, PEBS fmt4+-baseline,  AnyThread deprecated, Sapphire Rapids events, 32-deep LBR, full-width counters, Intel PMU driver.
[    4.536638] ... version:                5
[    4.536640] ... bit width:              48
[    4.536641] ... generic registers:      8
[    4.536642] ... value mask:             0000ffffffffffff
[    4.536644] ... max period:             00007fffffffffff
[    4.536646] ... fixed-purpose events:   4
[    4.536647] ... event mask:             0001000f000000ff
[    4.536871] signal: max sigframe size: 11952
[    4.536894] rcu: Hierarchical SRCU implementation.
[    4.547714] NMI watchdog: Enabled. Permanently consumes one hw-PMU counter.
[    4.549608] smp: Bringing up secondary CPUs ...
[    4.549736] x86: Booting SMP configuration:
[    4.549738] .... node  #0, CPUs:          #1   #2   #3   #4   #5   #6   #7   #8   #9  #10  #11  #12  #13  #14  #15  #16  #17  #18  #19  #20  #21  #22  #23  #24  #25  #26  #27  #28  #29  #30  #31  #32  #33  #34  #35  #36  #37  #38  #39  #40  #41  #42  #43  #44  #45  #46  #47
[    6.976272] .... node  #1, CPUs:    #48
[    6.553714] smpboot: CPU 48 Converting physical 0 to logical die 1
[    7.065851]   #49  #50  #51  #52  #53  #54  #55  #56  #57  #58  #59  #60  #61  #62  #63  #64  #65  #66  #67  #68  #69  #70  #71  #72  #73  #74  #75  #76  #77  #78  #79  #80  #81  #82  #83  #84  #85  #86  #87  #88  #89  #90  #91  #92  #93  #94  #95
[    9.486767] .... node  #0, CPUs:    #96  #97  #98  #99 #100 #101 #102 #103 #104 #105 #106 #107 #108 #109 #110 #111 #112 #113 #114 #115 #116 #117 #118 #119 #120 #121 #122 #123 #124 #125 #126 #127 #128 #129 #130 #131 #132 #133 #134 #135 #136 #137 #138 #139 #140 #141 #142 #143
[   11.943799] .... node  #1, CPUs:   #144 #145 #146 #147 #148 #149 #150 #151 #152 #153 #154 #155 #156 #157 #158 #159 #160 #161 #162 #163 #164 #165 #166 #167 #168 #169 #170 #171 #172 #173 #174 #175 #176 #177 #178 #179 #180 #181 #182 #183 #184 #185 #186 #187 #188 #189 #190 #191
[   14.426732] smp: Brought up 2 nodes, 192 CPUs
[   14.426732] smpboot: Max logical packages: 2
[   14.426732] smpboot: Total of 192 processors activated (806246.40 BogoMIPS)
[   14.480815] devtmpfs: initialized
[   14.480815] x86/mm: Memory block size: 2048MB
[   14.483702] ACPI: PM: Registering ACPI NVS region [mem 0x6d50c000-0x70d02fff] (58683392 bytes)
[   14.483702] clocksource: jiffies: mask: 0xffffffff max_cycles: 0xffffffff, max_idle_ns: 7645041785100000 ns
[   14.483702] futex hash table entries: 65536 (order: 10, 4194304 bytes, vmalloc)
[   14.485957] pinctrl core: initialized pinctrl subsystem
[   14.486164] PM: RTC time: 09:58:48, date: 2026-07-22
[   14.486555] NET: Registered PF_NETLINK/PF_ROUTE protocol family
[   14.487372] DMA: preallocated 4096 KiB GFP_KERNEL pool for atomic allocations
[   14.487893] DMA: preallocated 4096 KiB GFP_KERNEL|GFP_DMA pool for atomic allocations
[   14.488416] DMA: preallocated 4096 KiB GFP_KERNEL|GFP_DMA32 pool for atomic allocations
[   14.488428] audit: initializing netlink subsys (disabled)
[   14.488466] audit: type=2000 audit(1784714327.076:1): state=initialized audit_enabled=0 res=1
[   14.488466] thermal_sys: Registered thermal governor 'fair_share'
[   14.488466] thermal_sys: Registered thermal governor 'bang_bang'
[   14.488466] thermal_sys: Registered thermal governor 'step_wise'
[   14.488466] thermal_sys: Registered thermal governor 'user_space'
[   14.488466] thermal_sys: Registered thermal governor 'power_allocator'
[   14.488466] EISA bus registered
[   14.488466] cpuidle: using governor ladder
[   14.488466] cpuidle: using governor menu
[   14.489852] ACPI FADT declares the system doesn't support PCIe ASPM, so disable it
[   14.489855] ACPI: bus type PCI registered
[   14.489857] acpiphp: ACPI Hot Plug PCI Controller Driver version: 0.5
[   14.490079] PCI: MMCONFIG for domain 0000 [bus 00-ff] at [mem 0x80000000-0x8fffffff] (base 0x80000000)
[   14.490086] PCI: MMCONFIG at [mem 0x80000000-0x8fffffff] reserved in E820
[   14.490109] PCI: Using configuration type 1 for base access
[   14.495048] ENERGY_PERF_BIAS: Set to 'normal', was 'performance'
[   14.498977] kprobes: kprobe jump-optimization is enabled. All kprobes are optimized if possible.
[   14.499019] HugeTLB registered 1.00 GiB page size, pre-allocated 0 pages
[   14.499019] HugeTLB registered 2.00 MiB page size, pre-allocated 0 pages
[   14.501914] fbcon: Taking over console
[   14.502018] ACPI: Added _OSI(Module Device)
[   14.502020] ACPI: Added _OSI(Processor Device)
[   14.502022] ACPI: Added _OSI(3.0 _SCP Extensions)
[   14.502024] ACPI: Added _OSI(Processor Aggregator Device)
[   14.502026] ACPI: Added _OSI(Linux-Dell-Video)
[   14.502027] ACPI: Added _OSI(Linux-Lenovo-NV-HDMI-Audio)
[   14.502029] ACPI: Added _OSI(Linux-HPI-Hybrid-Graphics)
[   14.783670] ACPI: 7 ACPI AML tables successfully acquired and loaded
[   14.807676] ACPI: \_SB_.SCK0.C000: _OSC native thermal LVT Acked
[   14.809171] ACPI: Dynamic OEM Table Load:
[   15.034895] ACPI: Dynamic OEM Table Load:
[   15.072327] ACPI: Dynamic OEM Table Load:
[   15.555281] ACPI: Interpreter enabled
[   15.555320] ACPI: PM: (supports S0 S4 S5)
[   15.555322] ACPI: Using IOAPIC for interrupt routing
[   15.555438] HEST: Table parsing has been initialized.
[   15.555566] GHES: APEI firmware first mode is enabled by APEI bit and WHEA _OSC.
[   15.555570] PCI: Using host bridge windows from ACPI; if necessary, use "pci=nocrs" and report a bug
[   15.555573] PCI: Using E820 reservations for host bridge windows
[   15.594451] ACPI: Enabled 2 GPEs in block 00 to 7F
[   15.803970] ACPI: PCI Root Bridge [PC00] (domain 0000 [bus 00-14])
[   15.803979] acpi PNP0A08:00: _OSC: OS supports [ExtendedConfig ASPM ClockPM Segments MSI EDR HPX-Type3]
[   15.805658] acpi PNP0A08:00: _OSC: platform does not support [SHPCHotplug AER LTR DPC]
[   15.805953] acpi PNP0A08:00: _OSC: OS now controls [PCIeHotplug PME PCIeCapability]
[   15.805955] acpi PNP0A08:00: FADT indicates ASPM is unsupported, using BIOS configuration
[   15.806765] PCI host bridge to bus 0000:00
[   15.806769] pci_bus 0000:00: root bus resource [bus 00-14]
[   15.806772] pci_bus 0000:00: root bus resource [io  0x0000-0x0cf7 window]
[   15.806775] pci_bus 0000:00: root bus resource [io  0x1000-0x3fff window]
[   15.806777] pci_bus 0000:00: root bus resource [mem 0x000a0000-0x000bffff window]
[   15.806780] pci_bus 0000:00: root bus resource [mem 0x000c8000-0x000cffff window]
[   15.806784] pci_bus 0000:00: root bus resource [mem 0x90040000-0x953fffff window]
[   15.806787] pci_bus 0000:00: root bus resource [mem 0xfe010000-0xfe010fff window]
[   15.806789] pci_bus 0000:00: root bus resource [mem 0x180000000000-0x18ffffffffff window]
[   15.806889] pci 0000:00:00.0: [8086:09a2] type 00 class 0x088000
[   15.807156] pci 0000:00:00.1: [8086:09a4] type 00 class 0x088000
[   15.807403] pci 0000:00:00.2: [8086:09a3] type 00 class 0x088000
[   15.807729] pci 0000:00:00.4: [8086:0b23] type 00 class 0x080700
[   15.808087] pci 0000:00:0c.0: [8086:1bbc] type 01 class 0x060400
[   15.808109] pci 0000:00:0c.0: reg 0x10: [mem 0x18fffff00000-0x18fffff1ffff 64bit]
[   15.808147] pci 0000:00:0c.0: enabling Extended Tags
[   15.808218] pci 0000:00:0c.0: PME# supported from D0 D3hot D3cold
[   15.808260] pci 0000:00:0c.0: PTM enabled (root), 2ns granularity
[   15.809096] pci 0000:00:14.0: [8086:1bcd] type 00 class 0x0c0330
[   15.809119] pci 0000:00:14.0: reg 0x10: [mem 0x18fffff20000-0x18fffff2ffff 64bit]
[   15.809202] pci 0000:00:14.0: PME# supported from D3hot D3cold
[   15.809535] pci 0000:00:14.2: [8086:1bce] type 00 class 0x050000
[   15.809558] pci 0000:00:14.2: reg 0x10: [mem 0x18fffff34000-0x18fffff37fff 64bit]
[   15.809573] pci 0000:00:14.2: reg 0x18: [mem 0x18fffff3d000-0x18fffff3dfff 64bit]
[   15.809874] pci 0000:00:14.4: [8086:1bfe] type 00 class 0x060000
[   15.810229] pci 0000:00:15.0: [8086:1bff] type 00 class 0x088000
[   15.810254] pci 0000:00:15.0: reg 0x10: [mem 0x18fffff3c000-0x18fffff3c3ff 64bit]
[   15.810695] pci 0000:00:16.0: [8086:1be0] type 00 class 0x078000
[   15.810724] pci 0000:00:16.0: reg 0x10: [mem 0x18fffff3b000-0x18fffff3bfff 64bit]
[   15.810826] pci 0000:00:16.0: PME# supported from D3hot
[   15.811092] pci 0000:00:16.1: [8086:1be1] type 00 class 0x078000
[   15.811121] pci 0000:00:16.1: reg 0x10: [mem 0x18fffff3a000-0x18fffff3afff 64bit]
[   15.811222] pci 0000:00:16.1: PME# supported from D3hot
[   15.811491] pci 0000:00:16.4: [8086:1be4] type 00 class 0x078000
[   15.811517] pci 0000:00:16.4: reg 0x10: [mem 0x18fffff39000-0x18fffff39fff 64bit]
[   15.811604] pci 0000:00:16.4: PME# supported from D3hot
[   15.811868] pci 0000:00:17.0: [8086:1ba2] type 00 class 0x010601
[   15.811886] pci 0000:00:17.0: reg 0x10: [mem 0x95104000-0x95105fff]
[   15.811896] pci 0000:00:17.0: reg 0x14: [mem 0x9510c000-0x9510c0ff]
[   15.811906] pci 0000:00:17.0: reg 0x18: [io  0x30d0-0x30d7]
[   15.811916] pci 0000:00:17.0: reg 0x1c: [io  0x30c0-0x30c3]
[   15.811926] pci 0000:00:17.0: reg 0x20: [io  0x3060-0x307f]
[   15.811936] pci 0000:00:17.0: reg 0x24: [mem 0x9510b000-0x9510b7ff]
[   15.811983] pci 0000:00:17.0: PME# supported from D3hot
[   15.812593] pci 0000:00:18.0: [8086:1bf2] type 00 class 0x010601
[   15.812611] pci 0000:00:18.0: reg 0x10: [mem 0x95102000-0x95103fff]
[   15.812621] pci 0000:00:18.0: reg 0x14: [mem 0x9510a000-0x9510a0ff]
[   15.812631] pci 0000:00:18.0: reg 0x18: [io  0x30b0-0x30b7]
[   15.812640] pci 0000:00:18.0: reg 0x1c: [io  0x30a0-0x30a3]
[   15.812650] pci 0000:00:18.0: reg 0x20: [io  0x3040-0x305f]
[   15.812660] pci 0000:00:18.0: reg 0x24: [mem 0x95109000-0x951097ff]
[   15.812707] pci 0000:00:18.0: PME# supported from D3hot
[   15.813312] pci 0000:00:19.0: [8086:1bd2] type 00 class 0x010601
[   15.813330] pci 0000:00:19.0: reg 0x10: [mem 0x95100000-0x95101fff]
[   15.813340] pci 0000:00:19.0: reg 0x14: [mem 0x95108000-0x951080ff]
[   15.813350] pci 0000:00:19.0: reg 0x18: [io  0x3090-0x3097]
[   15.813359] pci 0000:00:19.0: reg 0x1c: [io  0x3080-0x3083]
[   15.813369] pci 0000:00:19.0: reg 0x20: [io  0x3020-0x303f]
[   15.813379] pci 0000:00:19.0: reg 0x24: [mem 0x95107000-0x951077ff]
[   15.813426] pci 0000:00:19.0: PME# supported from D3hot
[   15.814041] pci 0000:00:1f.0: [8086:1b81] type 00 class 0x060100
[   15.814451] pci 0000:00:1f.3: [8086:1bc8] type 00 class 0x040300
[   15.814474] pci 0000:00:1f.3: reg 0x10: [mem 0x18fffff30000-0x18fffff33fff 64bit]
[   15.814553] pci 0000:00:1f.3: PME# supported from D3hot D3cold
[   15.814803] pci 0000:00:1f.4: [8086:1bc9] type 00 class 0x0c0500
[   15.814831] pci 0000:00:1f.4: reg 0x10: [mem 0x18fffff38000-0x18fffff380ff 64bit]
[   15.814857] pci 0000:00:1f.4: reg 0x20: [io  0x3000-0x301f]
[   15.815179] pci 0000:00:1f.5: [8086:1bca] type 00 class 0x0c8000
[   15.815201] pci 0000:00:1f.5: reg 0x10: [mem 0xfe010000-0xfe010fff]
[   15.815214] pci 0000:00:1f.5: reg 0x14: [mem 0x92000000-0x93ffffff]
[   15.815417] pci 0000:01:00.0: [1a03:1150] type 01 class 0x060400
[   15.815485] pci 0000:01:00.0: enabling Extended Tags
[   15.815581] pci 0000:01:00.0: supports D1 D2
[   15.815583] pci 0000:01:00.0: PME# supported from D0 D1 D2 D3hot D3cold
[   15.815739] pci 0000:00:0c.0: PCI bridge to [bus 01-02]
[   15.815758] pci 0000:00:0c.0:   bridge window [io  0x2000-0x2fff]
[   15.815762] pci 0000:00:0c.0:   bridge window [mem 0x94000000-0x950fffff]
[   15.815811] pci_bus 0000:02: extended config space not accessible
[   15.815846] pci 0000:02:00.0: [1a03:2000] type 00 class 0x030000
[   15.815869] pci 0000:02:00.0: reg 0x10: [mem 0x94000000-0x94ffffff]
[   15.815882] pci 0000:02:00.0: reg 0x14: [mem 0x95000000-0x9503ffff]
[   15.815895] pci 0000:02:00.0: reg 0x18: [io  0x2000-0x207f]
[   15.815962] pci 0000:02:00.0: BAR 0: assigned to efifb
[   15.816003] pci 0000:02:00.0: supports D1 D2
[   15.816005] pci 0000:02:00.0: PME# supported from D0 D1 D2 D3hot D3cold
[   15.816121] pci 0000:01:00.0: PCI bridge to [bus 02]
[   15.816129] pci 0000:01:00.0:   bridge window [io  0x2000-0x2fff]
[   15.816134] pci 0000:01:00.0:   bridge window [mem 0x94000000-0x950fffff]
[   15.816160] pci_bus 0000:00: on NUMA node 0
[   15.817031] ACPI: PCI Root Bridge [PC01] (domain 0000 [bus 15-25])
[   15.817035] acpi PNP0A08:01: _OSC: OS supports [ExtendedConfig ASPM ClockPM Segments MSI EDR HPX-Type3]
[   15.819314] acpi PNP0A08:01: _OSC: platform does not support [SHPCHotplug AER DPC]
[   15.819819] acpi PNP0A08:01: _OSC: OS now controls [PCIeHotplug PME PCIeCapability LTR]
[   15.819821] acpi PNP0A08:01: FADT indicates ASPM is unsupported, using BIOS configuration
[   15.819955] PCI host bridge to bus 0000:15
[   15.819957] pci_bus 0000:15: root bus resource [bus 15-25]
[   15.819960] pci_bus 0000:15: root bus resource [io  0x4000-0x5fff window]
[   15.819962] pci_bus 0000:15: root bus resource [mem 0x95400000-0x957fffff window]
[   15.819964] pci_bus 0000:15: root bus resource [mem 0x190000000000-0x19ffffffffff window]
[   15.819985] pci 0000:15:00.0: [8086:09a2] type 00 class 0x088000
[   15.820084] pci 0000:15:00.1: [8086:09a4] type 00 class 0x088000
[   15.820183] pci 0000:15:00.2: [8086:09a3] type 00 class 0x088000
[   15.820286] pci 0000:15:00.4: [8086:0b23] type 00 class 0x080700
[   15.820433] pci 0000:15:01.0: [8086:352a] type 01 class 0x060400
[   15.820447] pci 0000:15:01.0: reg 0x10: [mem 0x19fffff00000-0x19fffff1ffff 64bit]
[   15.820510] pci 0000:15:01.0: PME# supported from D0 D3hot D3cold
[   15.820538] pci 0000:15:01.0: PTM enabled (root), 2ns granularity
[   15.821239] pci 0000:16:00.0: [15b3:1021] type 00 class 0x020700
[   15.821358] pci 0000:16:00.0: reg 0x10: [mem 0x19fffa000000-0x19fffbffffff 64bit pref]
[   15.821580] pci 0000:16:00.0: reg 0x30: [mem 0x95600000-0x956fffff pref]
[   15.822256] pci 0000:16:00.0: PME# supported from D3cold
[   15.822459] pci 0000:16:00.0: reg 0x1a4: [mem 0x19fffc000000-0x19fffc1fffff 64bit pref]
[   15.822462] pci 0000:16:00.0: VF(n) BAR0 space: [mem 0x19fffc000000-0x19fffdffffff 64bit pref] (contains BAR0 for 16 VFs)
[   15.823616] pci 0000:15:01.0: PCI bridge to [bus 16]
[   15.823620] pci 0000:15:01.0:   bridge window [mem 0x95600000-0x956fffff]
[   15.823625] pci 0000:15:01.0:   bridge window [mem 0x19fffa000000-0x19fffdffffff 64bit pref]
[   15.823633] pci_bus 0000:15: on NUMA node 0
[   15.823785] ACPI: PCI Root Bridge [PC02] (domain 0000 [bus 26-36])
[   15.823789] acpi PNP0A08:02: _OSC: OS supports [ExtendedConfig ASPM ClockPM Segments MSI EDR HPX-Type3]
[   15.826039] acpi PNP0A08:02: _OSC: platform does not support [SHPCHotplug AER DPC]
[   15.826542] acpi PNP0A08:02: _OSC: OS now controls [PCIeHotplug PME PCIeCapability LTR]
[   15.826544] acpi PNP0A08:02: FADT indicates ASPM is unsupported, using BIOS configuration
[   15.826675] PCI host bridge to bus 0000:26
[   15.826677] pci_bus 0000:26: root bus resource [bus 26-36]
[   15.826679] pci_bus 0000:26: root bus resource [io  0x6000-0x6fff window]
[   15.826682] pci_bus 0000:26: root bus resource [mem 0x95800000-0xa43fffff window]
[   15.826684] pci_bus 0000:26: root bus resource [mem 0x1a0000000000-0x1affffffffff window]
[   15.826705] pci 0000:26:00.0: [8086:09a2] type 00 class 0x088000
[   15.826803] pci 0000:26:00.1: [8086:09a4] type 00 class 0x088000
[   15.826896] pci 0000:26:00.2: [8086:09a3] type 00 class 0x088000
[   15.827000] pci 0000:26:00.4: [8086:0b23] type 00 class 0x080700
[   15.827154] pci 0000:26:01.0: [8086:352a] type 01 class 0x060400
[   15.827168] pci 0000:26:01.0: reg 0x10: [mem 0x1afffff00000-0x1afffff1ffff 64bit]
[   15.827185] pci 0000:26:01.0: enabling Extended Tags
[   15.827234] pci 0000:26:01.0: PME# supported from D0 D3hot D3cold
[   15.827261] pci 0000:26:01.0: PTM enabled (root), 2ns granularity
[   15.827904] pci 0000:27:00.0: [1000:c030] type 01 class 0x060400
[   15.829894] pci 0000:27:00.0: PME# supported from D0 D3hot D3cold
[   15.830413] pci 0000:26:01.0: PCI bridge to [bus 27-2b]
[   15.830417] pci 0000:26:01.0:   bridge window [mem 0x98000000-0xa40fffff]
[   15.830421] pci 0000:26:01.0:   bridge window [mem 0x1ae000000000-0x1af8142fffff 64bit pref]
[   15.830695] pci 0000:28:00.0: [1000:c030] type 01 class 0x060400
[   15.831465] pci 0000:28:00.0: PME# supported from D0 D3hot D3cold
[   15.833790] pci 0000:28:01.0: [1000:c030] type 01 class 0x060400
[   15.834545] pci 0000:28:01.0: PME# supported from D0 D3hot D3cold
[   15.835267] pci 0000:28:1f.0: [1000:c030] type 01 class 0x060400
[   15.835974] pci 0000:28:1f.0: PME# supported from D0 D3hot D3cold
[   15.837997] pci 0000:27:00.0: PCI bridge to [bus 28-2b]
[   15.838036] pci 0000:27:00.0:   bridge window [mem 0x98000000-0xa40fffff]
[   15.838062] pci 0000:27:00.0:   bridge window [mem 0x1ae000000000-0x1af8142fffff 64bit pref]
[   15.838535] pci 0000:29:00.0: [10de:2b85] type 00 class 0x030000
[   15.838754] pci 0000:29:00.0: reg 0x10: [mem 0xa0000000-0xa3ffffff]
[   15.838961] pci 0000:29:00.0: reg 0x14: [mem 0x1af000000000-0x1af7ffffffff 64bit pref]
[   15.839242] pci 0000:29:00.0: reg 0x1c: [mem 0x1af812000000-0x1af813ffffff 64bit pref]
[   15.839324] pci 0000:29:00.0: reg 0x24: [io  0x0000-0x007f]
[   15.839408] pci 0000:29:00.0: reg 0x30: [mem 0xa4000000-0xa407ffff pref]
[   15.839475] pci 0000:29:00.0: enabling Extended Tags
[   15.839705] pci 0000:29:00.0: Enabling HDA controller
[   15.840567] pci 0000:29:00.0: PME# supported from D0 D3hot
[   15.841050] pci 0000:29:00.0: reg 0x274: [mem 0x1af814000000-0x1af81403ffff 64bit pref]
[   15.841052] pci 0000:29:00.0: VF(n) BAR0 space: [mem 0x1af814000000-0x1af81403ffff 64bit pref] (contains BAR0 for 1 VFs)
[   15.841157] pci 0000:29:00.0: reg 0x27c: [mem 0x1af800000000-0x1af80fffffff 64bit pref]
[   15.841160] pci 0000:29:00.0: VF(n) BAR2 space: [mem 0x1af800000000-0x1af80fffffff 64bit pref] (contains BAR2 for 1 VFs)
[   15.841274] pci 0000:29:00.0: reg 0x284: [mem 0x1af810000000-0x1af811ffffff 64bit pref]
[   15.841276] pci 0000:29:00.0: VF(n) BAR4 space: [mem 0x1af810000000-0x1af811ffffff 64bit pref] (contains BAR4 for 1 VFs)
[   15.844168] pci 0000:29:00.1: [10de:22e8] type 00 class 0x040300
[   15.844385] pci 0000:29:00.1: reg 0x10: [mem 0xa4080000-0xa4083fff]
[   15.844827] pci 0000:29:00.1: enabling Extended Tags
[   15.846163] pci 0000:28:00.0: PCI bridge to [bus 29]
[   15.846200] pci 0000:28:00.0:   bridge window [mem 0xa0000000-0xa40fffff]
[   15.846224] pci 0000:28:00.0:   bridge window [mem 0x1af000000000-0x1af8140fffff 64bit pref]
[   15.846689] pci 0000:2a:00.0: [10de:2b85] type 00 class 0x030000
[   15.846909] pci 0000:2a:00.0: reg 0x10: [mem 0x98000000-0x9bffffff]
[   15.847119] pci 0000:2a:00.0: reg 0x14: [mem 0x1ae000000000-0x1ae7ffffffff 64bit pref]
[   15.847408] pci 0000:2a:00.0: reg 0x1c: [mem 0x1ae812000000-0x1ae813ffffff 64bit pref]
[   15.847489] pci 0000:2a:00.0: reg 0x24: [io  0x0000-0x007f]
[   15.847573] pci 0000:2a:00.0: reg 0x30: [mem 0x9c000000-0x9c07ffff pref]
[   15.847639] pci 0000:2a:00.0: enabling Extended Tags
[   15.847871] pci 0000:2a:00.0: Enabling HDA controller
[   15.848725] pci 0000:2a:00.0: PME# supported from D0 D3hot
[   15.853967] pci 0000:2a:00.0: reg 0x274: [mem 0x1ae814000000-0x1ae81403ffff 64bit pref]
[   15.853969] pci 0000:2a:00.0: VF(n) BAR0 space: [mem 0x1ae814000000-0x1ae81403ffff 64bit pref] (contains BAR0 for 1 VFs)
[   15.854083] pci 0000:2a:00.0: reg 0x27c: [mem 0x1ae800000000-0x1ae80fffffff 64bit pref]
[   15.854086] pci 0000:2a:00.0: VF(n) BAR2 space: [mem 0x1ae800000000-0x1ae80fffffff 64bit pref] (contains BAR2 for 1 VFs)
[   15.854196] pci 0000:2a:00.0: reg 0x284: [mem 0x1ae810000000-0x1ae811ffffff 64bit pref]
[   15.854199] pci 0000:2a:00.0: VF(n) BAR4 space: [mem 0x1ae810000000-0x1ae811ffffff 64bit pref] (contains BAR4 for 1 VFs)
[   15.855661] pci 0000:2a:00.1: [10de:22e8] type 00 class 0x040300
[   15.855882] pci 0000:2a:00.1: reg 0x10: [mem 0x9c080000-0x9c083fff]
[   15.856323] pci 0000:2a:00.1: enabling Extended Tags
[   15.857656] pci 0000:28:01.0: PCI bridge to [bus 2a]
[   15.857694] pci 0000:28:01.0:   bridge window [mem 0x98000000-0x9c0fffff]
[   15.857720] pci 0000:28:01.0:   bridge window [mem 0x1ae000000000-0x1ae8140fffff 64bit pref]
[   15.857962] pci 0000:2b:00.0: [1000:00b2] type 00 class 0x010700
[   15.858088] pci 0000:2b:00.0: reg 0x10: [mem 0x1af814200000-0x1af814203fff 64bit pref]
[   15.859780] pci 0000:2b:00.0: enabling Extended Tags
[   15.860117] pci 0000:2b:00.0: PME# supported from D0 D3hot D3cold
[   15.860398] pci 0000:28:1f.0: PCI bridge to [bus 2b]
[   15.860461] pci 0000:28:1f.0:   bridge window [mem 0x1af814200000-0x1af8142fffff 64bit pref]
[   15.860585] pci_bus 0000:26: on NUMA node 0
[   15.860766] ACPI: PCI Root Bridge [PC03] (domain 0000 [bus 37-47])
[   15.860769] acpi PNP0A08:03: _OSC: OS supports [ExtendedConfig ASPM ClockPM Segments MSI EDR HPX-Type3]
[   15.860769] acpi PNP0A08:03: _OSC: platform does not support [SHPCHotplug AER DPC]
[   15.860769] acpi PNP0A08:03: _OSC: OS now controls [PCIeHotplug PME PCIeCapability LTR]
[   15.860769] acpi PNP0A08:03: FADT indicates ASPM is unsupported, using BIOS configuration
[   15.860769] PCI host bridge to bus 0000:37
[   15.860769] pci_bus 0000:37: root bus resource [bus 37-47]
[   15.860769] pci_bus 0000:37: root bus resource [io  0x7000-0x7fff window]
[   15.860769] pci_bus 0000:37: root bus resource [mem 0xa4400000-0xb43fffff window]
[   15.860769] pci_bus 0000:37: root bus resource [mem 0x1b0000000000-0x1bffffffffff window]
[   15.860769] pci 0000:37:00.0: [8086:09a2] type 00 class 0x088000
[   15.860769] pci 0000:37:00.1: [8086:09a4] type 00 class 0x088000
[   15.860769] pci 0000:37:00.2: [8086:09a3] type 00 class 0x088000
[   15.860769] pci 0000:37:00.4: [8086:0b23] type 00 class 0x080700
[   15.860769] pci 0000:37:01.0: [8086:352a] type 01 class 0x060400
[   15.860769] pci 0000:37:01.0: reg 0x10: [mem 0x1bfffff00000-0x1bfffff1ffff 64bit]
[   15.860769] pci 0000:37:01.0: enabling Extended Tags
[   15.860769] pci 0000:37:01.0: PME# supported from D0 D3hot D3cold
[   15.860769] pci 0000:37:01.0: PTM enabled (root), 2ns granularity
[   15.860878] pci 0000:38:00.0: [1000:c030] type 01 class 0x060400
[   15.861564] pci 0000:38:00.0: PME# supported from D0 D3hot D3cold
[   15.866053] pci 0000:37:01.0: PCI bridge to [bus 38-3c]
[   15.866057] pci 0000:37:01.0:   bridge window [mem 0xa8000000-0xb42fffff]
[   15.866062] pci 0000:37:01.0:   bridge window [mem 0x1bd000000000-0x1bf8140fffff 64bit pref]
[   15.866331] pci 0000:39:00.0: [1000:c030] type 01 class 0x060400
[   15.868422] pci 0000:39:00.0: PME# supported from D0 D3hot D3cold
[   15.868984] pci 0000:39:01.0: [1000:c030] type 01 class 0x060400
[   15.868984] pci 0000:39:01.0: PME# supported from D0 D3hot D3cold
[   15.868984] pci 0000:39:02.0: [1000:c030] type 01 class 0x060400
[   15.868984] pci 0000:39:02.0: PME# supported from D0 D3hot D3cold
[   15.869429] pci 0000:38:00.0: PCI bridge to [bus 39-3c]
[   15.869468] pci 0000:38:00.0:   bridge window [mem 0xa8000000-0xb42fffff]
[   15.869494] pci 0000:38:00.0:   bridge window [mem 0x1bd000000000-0x1bf8140fffff 64bit pref]
[   15.873955] pci 0000:3a:00.0: [10de:2b85] type 00 class 0x030000
[   15.874175] pci 0000:3a:00.0: reg 0x10: [mem 0xb0000000-0xb3ffffff]
[   15.874385] pci 0000:3a:00.0: reg 0x14: [mem 0x1bf000000000-0x1bf7ffffffff 64bit pref]
[   15.875941] pci 0000:3a:00.0: reg 0x1c: [mem 0x1bf812000000-0x1bf813ffffff 64bit pref]
[   15.876021] pci 0000:3a:00.0: reg 0x24: [io  0x0000-0x007f]
[   15.876104] pci 0000:3a:00.0: reg 0x30: [mem 0xb4000000-0xb407ffff pref]
[   15.876171] pci 0000:3a:00.0: enabling Extended Tags
[   15.876401] pci 0000:3a:00.0: Enabling HDA controller
[   15.877255] pci 0000:3a:00.0: PME# supported from D0 D3hot
[   15.877255] pci 0000:3a:00.0: reg 0x274: [mem 0x1bf814000000-0x1bf81403ffff 64bit pref]
[   15.877255] pci 0000:3a:00.0: VF(n) BAR0 space: [mem 0x1bf814000000-0x1bf81403ffff 64bit pref] (contains BAR0 for 1 VFs)
[   15.877255] pci 0000:3a:00.0: reg 0x27c: [mem 0x1bf800000000-0x1bf80fffffff 64bit pref]
[   15.877255] pci 0000:3a:00.0: VF(n) BAR2 space: [mem 0x1bf800000000-0x1bf80fffffff 64bit pref] (contains BAR2 for 1 VFs)
[   15.877255] pci 0000:3a:00.0: reg 0x284: [mem 0x1bf810000000-0x1bf811ffffff 64bit pref]
[   15.877255] pci 0000:3a:00.0: VF(n) BAR4 space: [mem 0x1bf810000000-0x1bf811ffffff 64bit pref] (contains BAR4 for 1 VFs)
[   15.877255] pci 0000:3a:00.1: [10de:22e8] type 00 class 0x040300
[   15.877255] pci 0000:3a:00.1: reg 0x10: [mem 0xb4080000-0xb4083fff]
[   15.877255] pci 0000:3a:00.1: enabling Extended Tags
[   15.878331] pci 0000:39:00.0: PCI bridge to [bus 3a]
[   15.878368] pci 0000:39:00.0:   bridge window [mem 0xb0000000-0xb40fffff]
[   15.878392] pci 0000:39:00.0:   bridge window [mem 0x1bf000000000-0x1bf8140fffff 64bit pref]
[   15.878859] pci 0000:3b:00.0: [10de:2b85] type 00 class 0x030000
[   15.879078] pci 0000:3b:00.0: reg 0x10: [mem 0xa8000000-0xabffffff]
[   15.879290] pci 0000:3b:00.0: reg 0x14: [mem 0x1be000000000-0x1be7ffffffff 64bit pref]
[   15.879580] pci 0000:3b:00.0: reg 0x1c: [mem 0x1be812000000-0x1be813ffffff 64bit pref]
[   15.879660] pci 0000:3b:00.0: reg 0x24: [io  0x0000-0x007f]
[   15.879745] pci 0000:3b:00.0: reg 0x30: [mem 0xac000000-0xac07ffff pref]
[   15.879812] pci 0000:3b:00.0: enabling Extended Tags
[   15.880038] pci 0000:3b:00.0: Enabling HDA controller
[   15.880893] pci 0000:3b:00.0: PME# supported from D0 D3hot
[   15.881373] pci 0000:3b:00.0: reg 0x274: [mem 0x1be814000000-0x1be81403ffff 64bit pref]
[   15.881376] pci 0000:3b:00.0: VF(n) BAR0 space: [mem 0x1be814000000-0x1be81403ffff 64bit pref] (contains BAR0 for 1 VFs)
[   15.881483] pci 0000:3b:00.0: reg 0x27c: [mem 0x1be800000000-0x1be80fffffff 64bit pref]
[   15.881486] pci 0000:3b:00.0: VF(n) BAR2 space: [mem 0x1be800000000-0x1be80fffffff 64bit pref] (contains BAR2 for 1 VFs)
[   15.881600] pci 0000:3b:00.0: reg 0x284: [mem 0x1be810000000-0x1be811ffffff 64bit pref]
[   15.881602] pci 0000:3b:00.0: VF(n) BAR4 space: [mem 0x1be810000000-0x1be811ffffff 64bit pref] (contains BAR4 for 1 VFs)
[   15.885042] pci 0000:3b:00.1: [10de:22e8] type 00 class 0x040300
[   15.885261] pci 0000:3b:00.1: reg 0x10: [mem 0xac080000-0xac083fff]
[   15.889694] pci 0000:3b:00.1: enabling Extended Tags
[   15.891020] pci 0000:39:01.0: PCI bridge to [bus 3b]
[   15.891056] pci 0000:39:01.0:   bridge window [mem 0xa8000000-0xac0fffff]
[   15.891081] pci 0000:39:01.0:   bridge window [mem 0x1be000000000-0x1be8140fffff 64bit pref]
[   15.891340] pci 0000:3c:00.0: [1000:02b2] type 00 class 0x088000
[   15.891412] pci 0000:3c:00.0: reg 0x10: [mem 0xb4200000-0xb420ffff]
[   15.891472] pci 0000:3c:00.0: reg 0x14: [mem 0x1bd000000000-0x1bdfffffffff 64bit pref]
[   15.891905] pci 0000:3c:00.0: PME# supported from D0 D3hot D3cold
[   15.892173] pci 0000:39:02.0: PCI bridge to [bus 3c]
[   15.892212] pci 0000:39:02.0:   bridge window [mem 0xb4200000-0xb42fffff]
[   15.892238] pci 0000:39:02.0:   bridge window [mem 0x1bd000000000-0x1bdfffffffff 64bit pref]
[   15.892363] pci_bus 0000:37: on NUMA node 0
[   15.892551] ACPI: PCI Root Bridge [PC04] (domain 0000 [bus 48-58])
[   15.892555] acpi PNP0A08:04: _OSC: OS supports [ExtendedConfig ASPM ClockPM Segments MSI EDR HPX-Type3]
[   15.892555] acpi PNP0A08:04: _OSC: platform does not support [SHPCHotplug AER DPC]
[   15.892555] acpi PNP0A08:04: _OSC: OS now controls [PCIeHotplug PME PCIeCapability LTR]
[   15.892555] acpi PNP0A08:04: FADT indicates ASPM is unsupported, using BIOS configuration
[   15.892555] PCI host bridge to bus 0000:48
[   15.892555] pci_bus 0000:48: root bus resource [bus 48-58]
[   15.892555] pci_bus 0000:48: root bus resource [io  0x8000-0x8fff window]
[   15.892555] pci_bus 0000:48: root bus resource [mem 0xb4400000-0xbcbfffff window]
[   15.892555] pci_bus 0000:48: root bus resource [mem 0x1c0000000000-0x1cffffffffff window]
[   15.892555] pci 0000:48:00.0: [8086:09a2] type 00 class 0x088000
[   15.892555] pci 0000:48:00.1: [8086:09a4] type 00 class 0x088000
[   15.892555] pci 0000:48:00.2: [8086:09a3] type 00 class 0x088000
[   15.892555] pci 0000:48:00.4: [8086:0b23] type 00 class 0x080700
[   15.892555] pci 0000:48:00.5: [8086:28c0] type 00 class 0x010400
[   15.892555] pci 0000:48:00.5: reg 0x10: [mem 0x1cfffc000000-0x1cfffdffffff 64bit pref]
[   15.892555] pci 0000:48:00.5: reg 0x18: [mem 0xb8000000-0xbbffffff]
[   15.892555] pci 0000:48:00.5: reg 0x20: [mem 0x1cffffe00000-0x1cffffffffff 64bit]
[   15.892555] pci 0000:48:01.0: [8086:09ab] type 00 class 0x088000
[   15.892555] pci 0000:48:03.0: [8086:09ab] type 00 class 0x088000
[   15.892658] pci 0000:48:05.0: [8086:09ab] type 00 class 0x088000
[   15.892987] pci 0000:48:07.0: [8086:09ab] type 00 class 0x088000
[   15.893302] pci_bus 0000:48: on NUMA node 0
[   15.893449] ACPI: PCI Root Bridge [PC05] (domain 0000 [bus 59-69])
[   15.893453] acpi PNP0A08:05: _OSC: OS supports [ExtendedConfig ASPM ClockPM Segments MSI EDR HPX-Type3]
[   15.895686] acpi PNP0A08:05: _OSC: platform does not support [SHPCHotplug AER DPC]
[   15.896193] acpi PNP0A08:05: _OSC: OS now controls [PCIeHotplug PME PCIeCapability LTR]
[   15.896195] acpi PNP0A08:05: FADT indicates ASPM is unsupported, using BIOS configuration
[   15.896329] PCI host bridge to bus 0000:59
[   15.896331] pci_bus 0000:59: root bus resource [bus 59-69]
[   15.896333] pci_bus 0000:59: root bus resource [io  0x9000-0x9fff window]
[   15.896336] pci_bus 0000:59: root bus resource [mem 0xbcc00000-0xc67fffff window]
[   15.896339] pci_bus 0000:59: root bus resource [mem 0x1d0000000000-0x1dffffffffff window]
[   15.896359] pci 0000:59:00.0: [8086:09a2] type 00 class 0x088000
[   15.896456] pci 0000:59:00.1: [8086:09a4] type 00 class 0x088000
[   15.896552] pci 0000:59:00.2: [8086:09a3] type 00 class 0x088000
[   15.896658] pci 0000:59:00.4: [8086:0b23] type 00 class 0x080700
[   15.896808] pci 0000:59:01.0: [8086:352a] type 01 class 0x060400
[   15.896823] pci 0000:59:01.0: reg 0x10: [mem 0x1dfffff00000-0x1dfffff1ffff 64bit]
[   15.896841] pci 0000:59:01.0: enabling Extended Tags
[   15.896895] pci 0000:59:01.0: PME# supported from D0 D3hot D3cold
[   15.896926] pci 0000:59:01.0: PTM enabled (root), 2ns granularity
[   15.897380] pci 0000:59:01.0: PCI bridge to [bus 5a]
[   15.897393] pci_bus 0000:59: on NUMA node 0
[   15.897597] ACPI: PCI Root Bridge [DI08] (domain 0000 [bus 6a-6e])
[   15.897601] acpi PNP0A08:07: _OSC: OS supports [ExtendedConfig ASPM ClockPM Segments MSI EDR HPX-Type3]
[   15.897693] acpi PNP0A08:07: _OSC: platform does not support [SHPCHotplug AER DPC]
[   15.897693] acpi PNP0A08:07: _OSC: OS now controls [PCIeHotplug PME PCIeCapability LTR]
[   15.897693] acpi PNP0A08:07: FADT indicates ASPM is unsupported, using BIOS configuration
[   15.897693] PCI host bridge to bus 0000:6a
[   15.897693] pci_bus 0000:6a: root bus resource [bus 6a-6e]
[   15.897693] pci_bus 0000:6a: root bus resource [mem 0xc6800000-0xc6ffffff window]
[   15.897693] pci_bus 0000:6a: root bus resource [mem 0x1e0000000000-0x1effffffffff window]
[   15.897693] pci 0000:6a:00.0: [8086:09a2] type 00 class 0x088000
[   15.897693] pci 0000:6a:00.1: [8086:09a4] type 00 class 0x088000
[   15.897693] pci 0000:6a:00.2: [8086:09a3] type 00 class 0x088000
[   15.897693] pci 0000:6a:00.4: [8086:0b23] type 00 class 0x080700
[   15.897693] pci 0000:6a:01.0: [8086:0b25] type 00 class 0x088000
[   15.897693] pci 0000:6a:01.0: reg 0x10: [mem 0x1efffff20000-0x1efffff2ffff 64bit pref]
[   15.897693] pci 0000:6a:01.0: reg 0x18: [mem 0x1efffff00000-0x1efffff1ffff 64bit pref]
[   15.897693] pci 0000:6a:03.0: [8086:09a6] type 00 class 0x088000
[   15.897693] pci 0000:6a:03.0: reg 0x10: [mem 0xc6e00000-0xc6efffff]
[   15.897693] pci 0000:6a:03.1: [8086:09a7] type 00 class 0x088000
[   15.897693] pci 0000:6a:03.1: reg 0x10: [mem 0xc6f40000-0xc6f41fff]
[   15.897693] pci 0000:6a:03.1: reg 0x14: [mem 0xc6f00000-0xc6f3ffff]
[   15.897693] pci_bus 0000:6a: on NUMA node 0
[   15.897693] ACPI: PCI Root Bridge [DI09] (domain 0000 [bus 6f-73])
[   15.897693] acpi PNP0A08:0e: _OSC: OS supports [ExtendedConfig ASPM ClockPM Segments MSI EDR HPX-Type3]
[   15.902011] acpi PNP0A08:0e: _OSC: platform does not support [SHPCHotplug AER DPC]
[   15.902143] acpi PNP0A08:0e: _OSC: OS now controls [PCIeHotplug PME PCIeCapability LTR]
[   15.902146] acpi PNP0A08:0e: FADT indicates ASPM is unsupported, using BIOS configuration
[   15.902245] PCI host bridge to bus 0000:6f
[   15.902247] pci_bus 0000:6f: root bus resource [bus 6f-73]
[   15.902249] pci_bus 0000:6f: root bus resource [mem 0xc7000000-0xc77fffff window]
[   15.902252] pci_bus 0000:6f: root bus resource [mem 0x1f0000000000-0x1fffffffffff window]
[   15.902266] pci 0000:6f:00.0: [8086:09a2] type 00 class 0x088000
[   15.902351] pci 0000:6f:00.1: [8086:09a4] type 00 class 0x088000
[   15.902434] pci 0000:6f:00.2: [8086:09a3] type 00 class 0x088000
[   15.902524] pci 0000:6f:00.4: [8086:0b23] type 00 class 0x080700
[   15.902644] pci_bus 0000:6f: on NUMA node 0
[   15.902960] ACPI: PCI Root Bridge [DI0A] (domain 0000 [bus 74-78])
[   15.902964] acpi PNP0A08:15: _OSC: OS supports [ExtendedConfig ASPM ClockPM Segments MSI EDR HPX-Type3]
[   15.904495] acpi PNP0A08:15: _OSC: platform does not support [SHPCHotplug AER DPC]
[   15.904628] acpi PNP0A08:15: _OSC: OS now controls [PCIeHotplug PME PCIeCapability LTR]
[   15.904630] acpi PNP0A08:15: FADT indicates ASPM is unsupported, using BIOS configuration
[   15.904728] PCI host bridge to bus 0000:74
[   15.904730] pci_bus 0000:74: root bus resource [bus 74-78]
[   15.904732] pci_bus 0000:74: root bus resource [mem 0xc7800000-0xc7ffffff window]
[   15.904734] pci_bus 0000:74: root bus resource [mem 0x200000000000-0x20ffffffffff window]
[   15.904749] pci 0000:74:00.0: [8086:09a2] type 00 class 0x088000
[   15.904830] pci 0000:74:00.1: [8086:09a4] type 00 class 0x088000
[   15.904913] pci 0000:74:00.2: [8086:09a3] type 00 class 0x088000
[   15.904997] pci 0000:74:00.4: [8086:0b23] type 00 class 0x080700
[   15.905116] pci_bus 0000:74: on NUMA node 0
[   15.905430] ACPI: PCI Root Bridge [DI0B] (domain 0000 [bus 79-7d])
[   15.905433] acpi PNP0A08:1c: _OSC: OS supports [ExtendedConfig ASPM ClockPM Segments MSI EDR HPX-Type3]
[   15.906944] acpi PNP0A08:1c: _OSC: platform does not support [SHPCHotplug AER DPC]
[   15.907077] acpi PNP0A08:1c: _OSC: OS now controls [PCIeHotplug PME PCIeCapability LTR]
[   15.907079] acpi PNP0A08:1c: FADT indicates ASPM is unsupported, using BIOS configuration
[   15.907172] PCI host bridge to bus 0000:79
[   15.907173] pci_bus 0000:79: root bus resource [bus 79-7d]
[   15.907175] pci_bus 0000:79: root bus resource [mem 0xc8000000-0xc87fffff window]
[   15.907178] pci_bus 0000:79: root bus resource [mem 0x210000000000-0x21ffffffffff window]
[   15.907192] pci 0000:79:00.0: [8086:09a2] type 00 class 0x088000
[   15.907276] pci 0000:79:00.1: [8086:09a4] type 00 class 0x088000
[   15.907359] pci 0000:79:00.2: [8086:09a3] type 00 class 0x088000
[   15.907448] pci 0000:79:00.4: [8086:0b23] type 00 class 0x080700
[   15.907569] pci_bus 0000:79: on NUMA node 0
[   15.907865] ACPI: PCI Root Bridge [UB00] (domain 0000 [bus 7e])
[   15.907869] acpi PNP0A08:23: _OSC: OS supports [ExtendedConfig ASPM ClockPM Segments MSI EDR HPX-Type3]
[   15.908033] acpi PNP0A08:23: _OSC: platform does not support [SHPCHotplug AER LTR DPC]
[   15.908222] acpi PNP0A08:23: _OSC: OS now controls [PCIeHotplug PME PCIeCapability]
[   15.908224] acpi PNP0A08:23: FADT indicates ASPM is unsupported, using BIOS configuration
[   15.908323] PCI host bridge to bus 0000:7e
[   15.908325] pci_bus 0000:7e: root bus resource [bus 7e]
[   15.908346] pci 0000:7e:00.0: [8086:3250] type 00 class 0x088000
[   15.908434] pci 0000:7e:00.1: [8086:3251] type 00 class 0x088000
[   15.908512] pci 0000:7e:00.2: [8086:3252] type 00 class 0x088000
[   15.908589] pci 0000:7e:00.3: [8086:0998] type 00 class 0x060000
[   15.908681] pci 0000:7e:00.5: [8086:3255] type 00 class 0x088000
[   15.908765] pci 0000:7e:01.0: [8086:3240] type 00 class 0x088000
[   15.908878] pci 0000:7e:01.1: [8086:3241] type 00 class 0x088000
[   15.909001] pci 0000:7e:01.2: [8086:3242] type 00 class 0x088000
[   15.909119] pci 0000:7e:02.0: [8086:3240] type 00 class 0x088000
[   15.909257] pci 0000:7e:02.1: [8086:3241] type 00 class 0x088000
[   15.909395] pci 0000:7e:02.2: [8086:3242] type 00 class 0x088000
[   15.909538] pci 0000:7e:03.0: [8086:3240] type 00 class 0x088000
[   15.909698] pci 0000:7e:03.1: [8086:3241] type 00 class 0x088000
[   15.909857] pci 0000:7e:03.2: [8086:3242] type 00 class 0x088000
[   15.910022] pci 0000:7e:04.0: [8086:3240] type 00 class 0x088000
[   15.910211] pci 0000:7e:04.1: [8086:3241] type 00 class 0x088000
[   15.910390] pci 0000:7e:04.2: [8086:3242] type 00 class 0x088000
[   15.910566] pci 0000:7e:05.0: [8086:3245] type 00 class 0x088000
[   15.910675] pci 0000:7e:05.1: [8086:3246] type 00 class 0x088000
[   15.910786] pci 0000:7e:05.2: [8086:3247] type 00 class 0x088000
[   15.910903] pci 0000:7e:06.0: [8086:3245] type 00 class 0x088000
[   15.911039] pci 0000:7e:06.1: [8086:3246] type 00 class 0x088000
[   15.911175] pci 0000:7e:06.2: [8086:3247] type 00 class 0x088000
[   15.911325] pci 0000:7e:07.0: [8086:3245] type 00 class 0x088000
[   15.911481] pci 0000:7e:07.1: [8086:3246] type 00 class 0x088000
[   15.911638] pci 0000:7e:07.2: [8086:3247] type 00 class 0x088000
[   15.911802] pci 0000:7e:08.0: [8086:3245] type 00 class 0x088000
[   15.911980] pci 0000:7e:08.1: [8086:3246] type 00 class 0x088000
[   15.912159] pci 0000:7e:08.2: [8086:3247] type 00 class 0x088000
[   15.912341] pci 0000:7e:0c.0: [8086:324a] type 00 class 0x110100
[   15.912463] pci 0000:7e:0d.0: [8086:324a] type 00 class 0x110100
[   15.912610] pci 0000:7e:0e.0: [8086:324a] type 00 class 0x110100
[   15.912748] pci 0000:7e:0f.0: [8086:324a] type 00 class 0x110100
[   15.912924] pci 0000:7e:1a.0: [8086:2880] type 00 class 0x110100
[   15.913046] pci 0000:7e:1b.0: [8086:2880] type 00 class 0x110100
[   15.913185] pci 0000:7e:1c.0: [8086:2880] type 00 class 0x110100
[   15.913319] pci 0000:7e:1d.0: [8086:2880] type 00 class 0x110100
[   15.913469] pci_bus 0000:7e: on NUMA node 0
[   15.913538] ACPI: PCI Root Bridge [UB01] (domain 0000 [bus 7f])
[   15.913541] acpi PNP0A08:24: _OSC: OS supports [ExtendedConfig ASPM ClockPM Segments MSI EDR HPX-Type3]
[   15.913708] acpi PNP0A08:24: _OSC: platform does not support [SHPCHotplug AER LTR DPC]
[   15.913897] acpi PNP0A08:24: _OSC: OS now controls [PCIeHotplug PME PCIeCapability]
[   15.913899] acpi PNP0A08:24: FADT indicates ASPM is unsupported, using BIOS configuration
[   15.913998] PCI host bridge to bus 0000:7f
[   15.914000] pci_bus 0000:7f: root bus resource [bus 7f]
[   15.914021] pci 0000:7f:00.0: [8086:324c] type 00 class 0x088000
[   15.914147] pci 0000:7f:00.1: [8086:324c] type 00 class 0x088000
[   15.914284] pci 0000:7f:00.2: [8086:324c] type 00 class 0x088000
[   15.914412] pci 0000:7f:00.3: [8086:324c] type 00 class 0x088000
[   15.914532] pci 0000:7f:00.4: [8086:324c] type 00 class 0x088000
[   15.914656] pci 0000:7f:00.5: [8086:324c] type 00 class 0x088000
[   15.914781] pci 0000:7f:00.6: [8086:324c] type 00 class 0x088000
[   15.914906] pci 0000:7f:00.7: [8086:324c] type 00 class 0x088000
[   15.915027] pci 0000:7f:01.0: [8086:324c] type 00 class 0x088000
[   15.915148] pci 0000:7f:01.1: [8086:324c] type 00 class 0x088000
[   15.915270] pci 0000:7f:01.2: [8086:324c] type 00 class 0x088000
[   15.915379] pci 0000:7f:01.3: [8086:324c] type 00 class 0x088000
[   15.915487] pci 0000:7f:01.4: [8086:324c] type 00 class 0x088000
[   15.915604] pci 0000:7f:01.5: [8086:324c] type 00 class 0x088000
[   15.915752] pci 0000:7f:01.6: [8086:324c] type 00 class 0x088000
[   15.915901] pci 0000:7f:01.7: [8086:324c] type 00 class 0x088000
[   15.916049] pci 0000:7f:02.0: [8086:324c] type 00 class 0x088000
[   15.916193] pci 0000:7f:02.1: [8086:324c] type 00 class 0x088000
[   15.916344] pci 0000:7f:02.2: [8086:324c] type 00 class 0x088000
[   15.916485] pci 0000:7f:02.3: [8086:324c] type 00 class 0x088000
[   15.916606] pci 0000:7f:02.4: [8086:324c] type 00 class 0x088000
[   15.916748] pci 0000:7f:02.5: [8086:324c] type 00 class 0x088000
[   15.916879] pci 0000:7f:02.6: [8086:324c] type 00 class 0x088000
[   15.916996] pci 0000:7f:02.7: [8086:324c] type 00 class 0x088000
[   15.917132] pci 0000:7f:03.0: [8086:324c] type 00 class 0x088000
[   15.917262] pci 0000:7f:03.1: [8086:324c] type 00 class 0x088000
[   15.917396] pci 0000:7f:03.2: [8086:324c] type 00 class 0x088000
[   15.917518] pci 0000:7f:03.3: [8086:324c] type 00 class 0x088000
[   15.917637] pci 0000:7f:03.4: [8086:324c] type 00 class 0x088000
[   15.917759] pci 0000:7f:03.5: [8086:324c] type 00 class 0x088000
[   15.917884] pci 0000:7f:03.6: [8086:324c] type 00 class 0x088000
[   15.918008] pci 0000:7f:03.7: [8086:324c] type 00 class 0x088000
[   15.918137] pci 0000:7f:04.0: [8086:324c] type 00 class 0x088000
[   15.918272] pci 0000:7f:04.1: [8086:324c] type 00 class 0x088000
[   15.918409] pci 0000:7f:04.2: [8086:324c] type 00 class 0x088000
[   15.918543] pci 0000:7f:04.3: [8086:324c] type 00 class 0x088000
[   15.918677] pci 0000:7f:04.4: [8086:324c] type 00 class 0x088000
[   15.918814] pci 0000:7f:04.5: [8086:324c] type 00 class 0x088000
[   15.918951] pci 0000:7f:04.6: [8086:324c] type 00 class 0x088000
[   15.919093] pci 0000:7f:04.7: [8086:324c] type 00 class 0x088000
[   15.919266] pci 0000:7f:05.0: [8086:324c] type 00 class 0x088000
[   15.919434] pci 0000:7f:05.1: [8086:324c] type 00 class 0x088000
[   15.919573] pci 0000:7f:05.2: [8086:324c] type 00 class 0x088000
[   15.919754] pci 0000:7f:05.3: [8086:324c] type 00 class 0x088000
[   15.919934] pci 0000:7f:05.4: [8086:324c] type 00 class 0x088000
[   15.920124] pci 0000:7f:05.5: [8086:324c] type 00 class 0x088000
[   15.920308] pci 0000:7f:05.6: [8086:324c] type 00 class 0x088000
[   15.920500] pci 0000:7f:05.7: [8086:324c] type 00 class 0x088000
[   15.920688] pci 0000:7f:06.0: [8086:324c] type 00 class 0x088000
[   15.920875] pci 0000:7f:06.1: [8086:324c] type 00 class 0x088000
[   15.921077] pci 0000:7f:06.2: [8086:324c] type 00 class 0x088000
[   15.921269] pci 0000:7f:06.3: [8086:324c] type 00 class 0x088000
[   15.921464] pci 0000:7f:0a.0: [8086:324d] type 00 class 0x088000
[   15.921598] pci 0000:7f:0a.1: [8086:324d] type 00 class 0x088000
[   15.921734] pci 0000:7f:0a.2: [8086:324d] type 00 class 0x088000
[   15.921864] pci 0000:7f:0a.3: [8086:324d] type 00 class 0x088000
[   15.921983] pci 0000:7f:0a.4: [8086:324d] type 00 class 0x088000
[   15.922104] pci 0000:7f:0a.5: [8086:324d] type 00 class 0x088000
[   15.922236] pci 0000:7f:0a.6: [8086:324d] type 00 class 0x088000
[   15.922361] pci 0000:7f:0a.7: [8086:324d] type 00 class 0x088000
[   15.922483] pci 0000:7f:0b.0: [8086:324d] type 00 class 0x088000
[   15.922607] pci 0000:7f:0b.1: [8086:324d] type 00 class 0x088000
[   15.922724] pci 0000:7f:0b.2: [8086:324d] type 00 class 0x088000
[   15.922830] pci 0000:7f:0b.3: [8086:324d] type 00 class 0x088000
[   15.922938] pci 0000:7f:0b.4: [8086:324d] type 00 class 0x088000
[   15.923057] pci 0000:7f:0b.5: [8086:324d] type 00 class 0x088000
[   15.923213] pci 0000:7f:0b.6: [8086:324d] type 00 class 0x088000
[   15.923362] pci 0000:7f:0b.7: [8086:324d] type 00 class 0x088000
[   15.923511] pci 0000:7f:0c.0: [8086:324d] type 00 class 0x088000
[   15.923655] pci 0000:7f:0c.1: [8086:324d] type 00 class 0x088000
[   15.923800] pci 0000:7f:0c.2: [8086:324d] type 00 class 0x088000
[   15.923943] pci 0000:7f:0c.3: [8086:324d] type 00 class 0x088000
[   15.924063] pci 0000:7f:0c.4: [8086:324d] type 00 class 0x088000
[   15.924211] pci 0000:7f:0c.5: [8086:324d] type 00 class 0x088000
[   15.924351] pci 0000:7f:0c.6: [8086:324d] type 00 class 0x088000
[   15.924467] pci 0000:7f:0c.7: [8086:324d] type 00 class 0x088000
[   15.924604] pci 0000:7f:0d.0: [8086:324d] type 00 class 0x088000
[   15.924737] pci 0000:7f:0d.1: [8086:324d] type 00 class 0x088000
[   15.924866] pci 0000:7f:0d.2: [8086:324d] type 00 class 0x088000
[   15.924988] pci 0000:7f:0d.3: [8086:324d] type 00 class 0x088000
[   15.925110] pci 0000:7f:0d.4: [8086:324d] type 00 class 0x088000
[   15.925230] pci 0000:7f:0d.5: [8086:324d] type 00 class 0x088000
[   15.925362] pci 0000:7f:0d.6: [8086:324d] type 00 class 0x088000
[   15.925488] pci 0000:7f:0d.7: [8086:324d] type 00 class 0x088000
[   15.925619] pci 0000:7f:0e.0: [8086:324d] type 00 class 0x088000
[   15.925753] pci 0000:7f:0e.1: [8086:324d] type 00 class 0x088000
[   15.925888] pci 0000:7f:0e.2: [8086:324d] type 00 class 0x088000
[   15.926022] pci 0000:7f:0e.3: [8086:324d] type 00 class 0x088000
[   15.926155] pci 0000:7f:0e.4: [8086:324d] type 00 class 0x088000
[   15.926294] pci 0000:7f:0e.5: [8086:324d] type 00 class 0x088000
[   15.926439] pci 0000:7f:0e.6: [8086:324d] type 00 class 0x088000
[   15.926580] pci 0000:7f:0e.7: [8086:324d] type 00 class 0x088000
[   15.926755] pci 0000:7f:0f.0: [8086:324d] type 00 class 0x088000
[   15.926925] pci 0000:7f:0f.1: [8086:324d] type 00 class 0x088000
[   15.927056] pci 0000:7f:0f.2: [8086:324d] type 00 class 0x088000
[   15.927241] pci 0000:7f:0f.3: [8086:324d] type 00 class 0x088000
[   15.927423] pci 0000:7f:0f.4: [8086:324d] type 00 class 0x088000
[   15.927611] pci 0000:7f:0f.5: [8086:324d] type 00 class 0x088000
[   15.927801] pci 0000:7f:0f.6: [8086:324d] type 00 class 0x088000
[   15.927995] pci 0000:7f:0f.7: [8086:324d] type 00 class 0x088000
[   15.928182] pci 0000:7f:10.0: [8086:324d] type 00 class 0x088000
[   15.928372] pci 0000:7f:10.1: [8086:324d] type 00 class 0x088000
[   15.928569] pci 0000:7f:10.2: [8086:324d] type 00 class 0x088000
[   15.928760] pci 0000:7f:10.3: [8086:324d] type 00 class 0x088000
[   15.928972] pci 0000:7f:1d.0: [8086:344f] type 00 class 0x088000
[   15.929121] pci 0000:7f:1d.1: [8086:3457] type 00 class 0x088000
[   15.929276] pci 0000:7f:1e.0: [8086:3258] type 00 class 0x088000
[   15.929353] pci 0000:7f:1e.1: [8086:3259] type 00 class 0x088000
[   15.929422] pci 0000:7f:1e.2: [8086:325a] type 00 class 0x088000
[   15.929489] pci 0000:7f:1e.3: [8086:325b] type 00 class 0x088000
[   15.929553] pci 0000:7f:1e.4: [8086:325c] type 00 class 0x088000
[   15.929619] pci 0000:7f:1e.5: [8086:325d] type 00 class 0x088000
[   15.929686] pci 0000:7f:1e.6: [8086:325e] type 00 class 0x088000
[   15.929751] pci 0000:7f:1e.7: [8086:325f] type 00 class 0x088000
[   15.929819] pci_bus 0000:7f: on NUMA node 0
[   15.929939] ACPI: PCI Root Bridge [PC11] (domain 0000 [bus 97-a6])
[   15.929943] acpi PNP0A08:26: _OSC: OS supports [ExtendedConfig ASPM ClockPM Segments MSI EDR HPX-Type3]
[   15.932232] acpi PNP0A08:26: _OSC: platform does not support [SHPCHotplug AER DPC]
[   15.932744] acpi PNP0A08:26: _OSC: OS now controls [PCIeHotplug PME PCIeCapability LTR]
[   15.932747] acpi PNP0A08:26: FADT indicates ASPM is unsupported, using BIOS configuration
[   15.932884] PCI host bridge to bus 0000:97
[   15.932887] pci_bus 0000:97: root bus resource [bus 97-a6]
[   15.932889] pci_bus 0000:97: root bus resource [io  0xb000-0xbfff window]
[   15.932892] pci_bus 0000:97: root bus resource [mem 0xc9400000-0xcabfffff window]
[   15.932894] pci_bus 0000:97: root bus resource [mem 0x230000000000-0x23ffffffffff window]
[   15.932915] pci 0000:97:00.0: [8086:09a2] type 00 class 0x088000
[   15.933014] pci 0000:97:00.1: [8086:09a4] type 00 class 0x088000
[   15.933115] pci 0000:97:00.2: [8086:09a3] type 00 class 0x088000
[   15.933229] pci 0000:97:00.4: [8086:0b23] type 00 class 0x080700
[   15.933385] pci 0000:97:01.0: [8086:352a] type 01 class 0x060400
[   15.933400] pci 0000:97:01.0: reg 0x10: [mem 0x23fffff00000-0x23fffff1ffff 64bit]
[   15.933473] pci 0000:97:01.0: PME# supported from D0 D3hot D3cold
[   15.933506] pci 0000:97:01.0: PTM enabled (root), 2ns granularity
[   15.934250] pci 0000:98:00.0: [15b3:a2dc] type 00 class 0x020000
[   15.934383] pci 0000:98:00.0: reg 0x10: [mem 0x23fff8000000-0x23fff9ffffff 64bit pref]
[   15.934475] pci 0000:98:00.0: reg 0x18: [mem 0x23fffb000000-0x23fffb7fffff 64bit pref]
[   15.934658] pci 0000:98:00.0: reg 0x30: [mem 0xcaa00000-0xcaafffff pref]
[   15.935391] pci 0000:98:00.0: PME# supported from D3cold
[   15.935608] pci 0000:98:00.0: reg 0x1a4: [mem 0x23fffd800000-0x23fffd9fffff 64bit pref]
[   15.935611] pci 0000:98:00.0: VF(n) BAR0 space: [mem 0x23fffd800000-0x23ffff7fffff 64bit pref] (contains BAR0 for 16 VFs)
[   15.936985] pci 0000:98:00.1: [15b3:a2dc] type 00 class 0x020000
[   15.937123] pci 0000:98:00.1: reg 0x10: [mem 0x23fff6000000-0x23fff7ffffff 64bit pref]
[   15.937219] pci 0000:98:00.1: reg 0x18: [mem 0x23fffa800000-0x23fffaffffff 64bit pref]
[   15.937380] pci 0000:98:00.1: reg 0x30: [mem 0xca900000-0xca9fffff pref]
[   15.937931] pci 0000:98:00.1: PME# supported from D3cold
[   15.938142] pci 0000:98:00.1: reg 0x1a4: [mem 0x23fffb800000-0x23fffb9fffff 64bit pref]
[   15.938145] pci 0000:98:00.1: VF(n) BAR0 space: [mem 0x23fffb800000-0x23fffd7fffff 64bit pref] (contains BAR0 for 16 VFs)
[   15.939281] pci 0000:98:00.2: [15b3:c2d5] type 00 class 0x080100
[   15.939427] pci 0000:98:00.2: reg 0x10: [mem 0x23fffa000000-0x23fffa7fffff 64bit pref]
[   15.940234] pci 0000:98:00.2: PME# supported from D3cold
[   15.940619] pci 0000:97:01.0: PCI bridge to [bus 98]
[   15.940624] pci 0000:97:01.0:   bridge window [mem 0xca900000-0xcaafffff]
[   15.940629] pci 0000:97:01.0:   bridge window [mem 0x23fff6000000-0x23ffff7fffff 64bit pref]
[   15.940638] pci_bus 0000:97: on NUMA node 1
[   15.940789] ACPI: PCI Root Bridge [PC12] (domain 0000 [bus a7-b6])
[   15.940792] acpi PNP0A08:27: _OSC: OS supports [ExtendedConfig ASPM ClockPM Segments MSI EDR HPX-Type3]
[   15.943050] acpi PNP0A08:27: _OSC: platform does not support [SHPCHotplug AER DPC]
[   15.943559] acpi PNP0A08:27: _OSC: OS now controls [PCIeHotplug PME PCIeCapability LTR]
[   15.943562] acpi PNP0A08:27: FADT indicates ASPM is unsupported, using BIOS configuration
[   15.943694] PCI host bridge to bus 0000:a7
[   15.943696] pci_bus 0000:a7: root bus resource [bus a7-b6]
[   15.943699] pci_bus 0000:a7: root bus resource [io  0xc000-0xcfff window]
[   15.943701] pci_bus 0000:a7: root bus resource [mem 0xcac00000-0xd97fffff window]
[   15.943704] pci_bus 0000:a7: root bus resource [mem 0x240000000000-0x24ffffffffff window]
[   15.943725] pci 0000:a7:00.0: [8086:09a2] type 00 class 0x088000
[   15.943830] pci 0000:a7:00.1: [8086:09a4] type 00 class 0x088000
[   15.943931] pci 0000:a7:00.2: [8086:09a3] type 00 class 0x088000
[   15.944044] pci 0000:a7:00.4: [8086:0b23] type 00 class 0x080700
[   15.944200] pci 0000:a7:01.0: [8086:352a] type 01 class 0x060400
[   15.944214] pci 0000:a7:01.0: reg 0x10: [mem 0x24fffff00000-0x24fffff1ffff 64bit]
[   15.944233] pci 0000:a7:01.0: enabling Extended Tags
[   15.944290] pci 0000:a7:01.0: PME# supported from D0 D3hot D3cold
[   15.944323] pci 0000:a7:01.0: PTM enabled (root), 2ns granularity
[   15.945014] pci 0000:a8:00.0: [1000:c030] type 01 class 0x060400
[   15.949958] pci 0000:a8:00.0: PME# supported from D0 D3hot D3cold
[   15.950710] pci 0000:a7:01.0: PCI bridge to [bus a8-ac]
[   15.950715] pci 0000:a7:01.0:   bridge window [mem 0xcc000000-0xd80fffff]
[   15.950720] pci 0000:a7:01.0:   bridge window [mem 0x24e000000000-0x24f8142fffff 64bit pref]
[   15.951033] pci 0000:a9:00.0: [1000:c030] type 01 class 0x060400
[   15.951937] pci 0000:a9:00.0: PME# supported from D0 D3hot D3cold
[   15.951937] pci 0000:a9:01.0: [1000:c030] type 01 class 0x060400
[   15.951937] pci 0000:a9:01.0: PME# supported from D0 D3hot D3cold
[   15.951937] pci 0000:a9:1f.0: [1000:c030] type 01 class 0x060400
[   15.952605] pci 0000:a9:1f.0: PME# supported from D0 D3hot D3cold
[   15.954170] pci 0000:a8:00.0: PCI bridge to [bus a9-ac]
[   15.954209] pci 0000:a8:00.0:   bridge window [mem 0xcc000000-0xd80fffff]
[   15.954235] pci 0000:a8:00.0:   bridge window [mem 0x24e000000000-0x24f8142fffff 64bit pref]
[   15.954753] pci 0000:aa:00.0: [10de:2b85] type 00 class 0x030000
[   15.954973] pci 0000:aa:00.0: reg 0x10: [mem 0xd4000000-0xd7ffffff]
[   15.955182] pci 0000:aa:00.0: reg 0x14: [mem 0x24f000000000-0x24f7ffffffff 64bit pref]
[   15.955466] pci 0000:aa:00.0: reg 0x1c: [mem 0x24f812000000-0x24f813ffffff 64bit pref]
[   15.955546] pci 0000:aa:00.0: reg 0x24: [io  0x0000-0x007f]
[   15.955630] pci 0000:aa:00.0: reg 0x30: [mem 0xd8000000-0xd807ffff pref]
[   15.955698] pci 0000:aa:00.0: enabling Extended Tags
[   15.955956] pci 0000:aa:00.0: Enabling HDA controller
[   15.956937] pci 0000:aa:00.0: PME# supported from D0 D3hot
[   15.957475] pci 0000:aa:00.0: reg 0x274: [mem 0x24f814000000-0x24f81403ffff 64bit pref]
[   15.957477] pci 0000:aa:00.0: VF(n) BAR0 space: [mem 0x24f814000000-0x24f81403ffff 64bit pref] (contains BAR0 for 1 VFs)
[   15.957595] pci 0000:aa:00.0: reg 0x27c: [mem 0x24f800000000-0x24f80fffffff 64bit pref]
[   15.957598] pci 0000:aa:00.0: VF(n) BAR2 space: [mem 0x24f800000000-0x24f80fffffff 64bit pref] (contains BAR2 for 1 VFs)
[   15.957718] pci 0000:aa:00.0: reg 0x284: [mem 0x24f810000000-0x24f811ffffff 64bit pref]
[   15.957720] pci 0000:aa:00.0: VF(n) BAR4 space: [mem 0x24f810000000-0x24f811ffffff 64bit pref] (contains BAR4 for 1 VFs)
[   15.961196] pci 0000:aa:00.1: [10de:22e8] type 00 class 0x040300
[   15.961414] pci 0000:aa:00.1: reg 0x10: [mem 0xd8080000-0xd8083fff]
[   15.965853] pci 0000:aa:00.1: enabling Extended Tags
[   15.967281] pci 0000:a9:00.0: PCI bridge to [bus aa]
[   15.967318] pci 0000:a9:00.0:   bridge window [mem 0xd4000000-0xd80fffff]
[   15.967342] pci 0000:a9:00.0:   bridge window [mem 0x24f000000000-0x24f8140fffff 64bit pref]
[   15.967854] pci 0000:ab:00.0: [10de:2b85] type 00 class 0x030000
[   15.968075] pci 0000:ab:00.0: reg 0x10: [mem 0xcc000000-0xcfffffff]
[   15.968286] pci 0000:ab:00.0: reg 0x14: [mem 0x24e000000000-0x24e7ffffffff 64bit pref]
[   15.968579] pci 0000:ab:00.0: reg 0x1c: [mem 0x24e812000000-0x24e813ffffff 64bit pref]
[   15.968659] pci 0000:ab:00.0: reg 0x24: [io  0x0000-0x007f]
[   15.968745] pci 0000:ab:00.0: reg 0x30: [mem 0xd0000000-0xd007ffff pref]
[   15.968812] pci 0000:ab:00.0: enabling Extended Tags
[   15.969069] pci 0000:ab:00.0: Enabling HDA controller
[   15.969069] pci 0000:ab:00.0: PME# supported from D0 D3hot
[   15.969069] pci 0000:ab:00.0: reg 0x274: [mem 0x24e814000000-0x24e81403ffff 64bit pref]
[   15.969069] pci 0000:ab:00.0: VF(n) BAR0 space: [mem 0x24e814000000-0x24e81403ffff 64bit pref] (contains BAR0 for 1 VFs)
[   15.969069] pci 0000:ab:00.0: reg 0x27c: [mem 0x24e800000000-0x24e80fffffff 64bit pref]
[   15.969069] pci 0000:ab:00.0: VF(n) BAR2 space: [mem 0x24e800000000-0x24e80fffffff 64bit pref] (contains BAR2 for 1 VFs)
[   15.969069] pci 0000:ab:00.0: reg 0x284: [mem 0x24e810000000-0x24e811ffffff 64bit pref]
[   15.969069] pci 0000:ab:00.0: VF(n) BAR4 space: [mem 0x24e810000000-0x24e811ffffff 64bit pref] (contains BAR4 for 1 VFs)
[   15.969961] pci 0000:ab:00.1: [10de:22e8] type 00 class 0x040300
[   15.970181] pci 0000:ab:00.1: reg 0x10: [mem 0xd0080000-0xd0083fff]
[   15.970622] pci 0000:ab:00.1: enabling Extended Tags
[   15.972052] pci 0000:a9:01.0: PCI bridge to [bus ab]
[   15.972089] pci 0000:a9:01.0:   bridge window [mem 0xcc000000-0xd00fffff]
[   15.972113] pci 0000:a9:01.0:   bridge window [mem 0x24e000000000-0x24e8140fffff 64bit pref]
[   15.972361] pci 0000:ac:00.0: [1000:00b2] type 00 class 0x010700
[   15.972487] pci 0000:ac:00.0: reg 0x10: [mem 0x24f814200000-0x24f814203fff 64bit pref]
[   15.973759] pci 0000:ac:00.0: enabling Extended Tags
[   15.974120] pci 0000:ac:00.0: PME# supported from D0 D3hot D3cold
[   15.974450] pci 0000:a9:1f.0: PCI bridge to [bus ac]
[   15.974513] pci 0000:a9:1f.0:   bridge window [mem 0x24f814200000-0x24f8142fffff 64bit pref]
[   15.974637] pci_bus 0000:a7: on NUMA node 1
[   15.974817] ACPI: PCI Root Bridge [PC13] (domain 0000 [bus b7-c6])
[   15.974821] acpi PNP0A08:28: _OSC: OS supports [ExtendedConfig ASPM ClockPM Segments MSI EDR HPX-Type3]
[   15.977108] acpi PNP0A08:28: _OSC: platform does not support [SHPCHotplug AER DPC]
[   15.977621] acpi PNP0A08:28: _OSC: OS now controls [PCIeHotplug PME PCIeCapability LTR]
[   15.977623] acpi PNP0A08:28: FADT indicates ASPM is unsupported, using BIOS configuration
[   15.977757] PCI host bridge to bus 0000:b7
[   15.977759] pci_bus 0000:b7: root bus resource [bus b7-c6]
[   15.977761] pci_bus 0000:b7: root bus resource [io  0xd000-0xdfff window]
[   15.977763] pci_bus 0000:b7: root bus resource [mem 0xd9800000-0xe97fffff window]
[   15.977765] pci_bus 0000:b7: root bus resource [mem 0x250000000000-0x25ffffffffff window]
[   15.977786] pci 0000:b7:00.0: [8086:09a2] type 00 class 0x088000
[   15.977888] pci 0000:b7:00.1: [8086:09a4] type 00 class 0x088000
[   15.977993] pci 0000:b7:00.2: [8086:09a3] type 00 class 0x088000
[   15.978106] pci 0000:b7:00.4: [8086:0b23] type 00 class 0x080700
[   15.978261] pci 0000:b7:01.0: [8086:352a] type 01 class 0x060400
[   15.978276] pci 0000:b7:01.0: reg 0x10: [mem 0x25fffff00000-0x25fffff1ffff 64bit]
[   15.978294] pci 0000:b7:01.0: enabling Extended Tags
[   15.978351] pci 0000:b7:01.0: PME# supported from D0 D3hot D3cold
[   15.978384] pci 0000:b7:01.0: PTM enabled (root), 2ns granularity
[   15.979074] pci 0000:b8:00.0: [1000:c030] type 01 class 0x060400
[   15.979889] pci 0000:b8:00.0: PME# supported from D0 D3hot D3cold
[   15.980641] pci 0000:b7:01.0: PCI bridge to [bus b8-bc]
[   15.980646] pci 0000:b7:01.0:   bridge window [mem 0xdc000000-0xe82fffff]
[   15.980650] pci 0000:b7:01.0:   bridge window [mem 0x25d000000000-0x25f8140fffff 64bit pref]
[   15.980954] pci 0000:b9:00.0: [1000:c030] type 01 class 0x060400
[   15.981693] pci 0000:b9:00.0: PME# supported from D0 D3hot D3cold
[   15.981693] pci 0000:b9:01.0: [1000:c030] type 01 class 0x060400
[   15.981693] pci 0000:b9:01.0: PME# supported from D0 D3hot D3cold
[   15.986284] pci 0000:b9:02.0: [1000:c030] type 01 class 0x060400
[   15.987201] pci 0000:b9:02.0: PME# supported from D0 D3hot D3cold
[   15.988106] pci 0000:b8:00.0: PCI bridge to [bus b9-bc]
[   15.988146] pci 0000:b8:00.0:   bridge window [mem 0xdc000000-0xe82fffff]
[   15.988172] pci 0000:b8:00.0:   bridge window [mem 0x25d000000000-0x25f8140fffff 64bit pref]
[   15.988692] pci 0000:ba:00.0: [10de:2b85] type 00 class 0x030000
[   15.988913] pci 0000:ba:00.0: reg 0x10: [mem 0xe4000000-0xe7ffffff]
[   15.989125] pci 0000:ba:00.0: reg 0x14: [mem 0x25f000000000-0x25f7ffffffff 64bit pref]
[   15.993833] pci 0000:ba:00.0: reg 0x1c: [mem 0x25f812000000-0x25f813ffffff 64bit pref]
[   15.993913] pci 0000:ba:00.0: reg 0x24: [io  0x0000-0x007f]
[   15.993997] pci 0000:ba:00.0: reg 0x30: [mem 0xe8000000-0xe807ffff pref]
[   15.994063] pci 0000:ba:00.0: enabling Extended Tags
[   15.994323] pci 0000:ba:00.0: Enabling HDA controller
[   15.995299] pci 0000:ba:00.0: PME# supported from D0 D3hot
[   15.995837] pci 0000:ba:00.0: reg 0x274: [mem 0x25f814000000-0x25f81403ffff 64bit pref]
[   15.995840] pci 0000:ba:00.0: VF(n) BAR0 space: [mem 0x25f814000000-0x25f81403ffff 64bit pref] (contains BAR0 for 1 VFs)
[   15.995957] pci 0000:ba:00.0: reg 0x27c: [mem 0x25f800000000-0x25f80fffffff 64bit pref]
[   15.995960] pci 0000:ba:00.0: VF(n) BAR2 space: [mem 0x25f800000000-0x25f80fffffff 64bit pref] (contains BAR2 for 1 VFs)
[   15.996073] pci 0000:ba:00.0: reg 0x284: [mem 0x25f810000000-0x25f811ffffff 64bit pref]
[   15.996075] pci 0000:ba:00.0: VF(n) BAR4 space: [mem 0x25f810000000-0x25f811ffffff 64bit pref] (contains BAR4 for 1 VFs)
[   15.996075] pci 0000:ba:00.1: [10de:22e8] type 00 class 0x040300
[   15.996075] pci 0000:ba:00.1: reg 0x10: [mem 0xe8080000-0xe8083fff]
[   15.996075] pci 0000:ba:00.1: enabling Extended Tags
[   15.997287] pci 0000:b9:00.0: PCI bridge to [bus ba]
[   15.997324] pci 0000:b9:00.0:   bridge window [mem 0xe4000000-0xe80fffff]
[   15.997348] pci 0000:b9:00.0:   bridge window [mem 0x25f000000000-0x25f8140fffff 64bit pref]
[   15.997614] pci 0000:bb:00.0: [1000:02b2] type 00 class 0x088000
[   15.997684] pci 0000:bb:00.0: reg 0x10: [mem 0xe8200000-0xe820ffff]
[   16.001739] pci 0000:bb:00.0: reg 0x14: [mem 0x25d000000000-0x25dfffffffff 64bit pref]
[   16.002210] pci 0000:bb:00.0: PME# supported from D0 D3hot D3cold
[   16.002535] pci 0000:b9:01.0: PCI bridge to [bus bb]
[   16.002574] pci 0000:b9:01.0:   bridge window [mem 0xe8200000-0xe82fffff]
[   16.002600] pci 0000:b9:01.0:   bridge window [mem 0x25d000000000-0x25dfffffffff 64bit pref]
[   16.003127] pci 0000:bc:00.0: [10de:2b85] type 00 class 0x030000
[   16.003346] pci 0000:bc:00.0: reg 0x10: [mem 0xdc000000-0xdfffffff]
[   16.003554] pci 0000:bc:00.0: reg 0x14: [mem 0x25e000000000-0x25e7ffffffff 64bit pref]
[   16.003840] pci 0000:bc:00.0: reg 0x1c: [mem 0x25e812000000-0x25e813ffffff 64bit pref]
[   16.003921] pci 0000:bc:00.0: reg 0x24: [io  0x0000-0x007f]
[   16.004006] pci 0000:bc:00.0: reg 0x30: [mem 0xe0000000-0xe007ffff pref]
[   16.004072] pci 0000:bc:00.0: enabling Extended Tags
[   16.004332] pci 0000:bc:00.0: Enabling HDA controller
[   16.005717] pci 0000:bc:00.0: PME# supported from D0 D3hot
[   16.006254] pci 0000:bc:00.0: reg 0x274: [mem 0x25e814000000-0x25e81403ffff 64bit pref]
[   16.006257] pci 0000:bc:00.0: VF(n) BAR0 space: [mem 0x25e814000000-0x25e81403ffff 64bit pref] (contains BAR0 for 1 VFs)
[   16.006375] pci 0000:bc:00.0: reg 0x27c: [mem 0x25e800000000-0x25e80fffffff 64bit pref]
[   16.006378] pci 0000:bc:00.0: VF(n) BAR2 space: [mem 0x25e800000000-0x25e80fffffff 64bit pref] (contains BAR2 for 1 VFs)
[   16.006492] pci 0000:bc:00.0: reg 0x284: [mem 0x25e810000000-0x25e811ffffff 64bit pref]
[   16.006494] pci 0000:bc:00.0: VF(n) BAR4 space: [mem 0x25e810000000-0x25e811ffffff 64bit pref] (contains BAR4 for 1 VFs)
[   16.008258] pci 0000:bc:00.1: [10de:22e8] type 00 class 0x040300
[   16.008477] pci 0000:bc:00.1: reg 0x10: [mem 0xe0080000-0xe0083fff]
[   16.008920] pci 0000:bc:00.1: enabling Extended Tags
[   16.008920] pci 0000:b9:02.0: PCI bridge to [bus bc]
[   16.008920] pci 0000:b9:02.0:   bridge window [mem 0xdc000000-0xe00fffff]
[   16.008920] pci 0000:b9:02.0:   bridge window [mem 0x25e000000000-0x25e8140fffff 64bit pref]
[   16.008920] pci_bus 0000:b7: on NUMA node 1
[   16.008920] ACPI: PCI Root Bridge [PC14] (domain 0000 [bus c7-d6])
[   16.008920] acpi PNP0A08:29: _OSC: OS supports [ExtendedConfig ASPM ClockPM Segments MSI EDR HPX-Type3]
[   16.008939] acpi PNP0A08:29: _OSC: platform does not support [SHPCHotplug AER DPC]
[   16.009454] acpi PNP0A08:29: _OSC: OS now controls [PCIeHotplug PME PCIeCapability LTR]
[   16.009457] acpi PNP0A08:29: FADT indicates ASPM is unsupported, using BIOS configuration
[   16.009592] PCI host bridge to bus 0000:c7
[   16.009595] pci_bus 0000:c7: root bus resource [bus c7-d6]
[   16.009597] pci_bus 0000:c7: root bus resource [io  0xe000-0xefff window]
[   16.009599] pci_bus 0000:c7: root bus resource [mem 0xe9800000-0xf17fffff window]
[   16.009601] pci_bus 0000:c7: root bus resource [mem 0x260000000000-0x26ffffffffff window]
[   16.009623] pci 0000:c7:00.0: [8086:09a2] type 00 class 0x088000
[   16.009728] pci 0000:c7:00.1: [8086:09a4] type 00 class 0x088000
[   16.009832] pci 0000:c7:00.2: [8086:09a3] type 00 class 0x088000
[   16.009946] pci 0000:c7:00.4: [8086:0b23] type 00 class 0x080700
[   16.010096] pci 0000:c7:00.5: [8086:28c0] type 00 class 0x010400
[   16.010110] pci 0000:c7:00.5: reg 0x10: [mem 0x26fffc000000-0x26fffdffffff 64bit pref]
[   16.010118] pci 0000:c7:00.5: reg 0x18: [mem 0xec000000-0xefffffff]
[   16.010133] pci 0000:c7:00.5: reg 0x20: [mem 0x26ffffe00000-0x26ffffffffff 64bit]
[   16.010231] pci 0000:c7:01.0: [8086:09ab] type 00 class 0x088000
[   16.010575] pci 0000:c7:03.0: [8086:09ab] type 00 class 0x088000
[   16.010906] pci 0000:c7:05.0: [8086:09ab] type 00 class 0x088000
[   16.011233] pci 0000:c7:07.0: [8086:09ab] type 00 class 0x088000
[   16.011552] pci_bus 0000:c7: on NUMA node 1
[   16.011699] ACPI: PCI Root Bridge [PC15] (domain 0000 [bus d7-e6])
[   16.011703] acpi PNP0A08:2a: _OSC: OS supports [ExtendedConfig ASPM ClockPM Segments MSI EDR HPX-Type3]
[   16.014001] acpi PNP0A08:2a: _OSC: platform does not support [SHPCHotplug AER DPC]
[   16.014515] acpi PNP0A08:2a: _OSC: OS now controls [PCIeHotplug PME PCIeCapability LTR]
[   16.014518] acpi PNP0A08:2a: FADT indicates ASPM is unsupported, using BIOS configuration
[   16.014653] PCI host bridge to bus 0000:d7
[   16.014655] pci_bus 0000:d7: root bus resource [bus d7-e6]
[   16.014657] pci_bus 0000:d7: root bus resource [io  0xf000-0xffff window]
[   16.014659] pci_bus 0000:d7: root bus resource [mem 0xf1800000-0xf97fffff window]
[   16.014662] pci_bus 0000:d7: root bus resource [mem 0x270000000000-0x27ffffffffff window]
[   16.014683] pci 0000:d7:00.0: [8086:09a2] type 00 class 0x088000
[   16.014785] pci 0000:d7:00.1: [8086:09a4] type 00 class 0x088000
[   16.014888] pci 0000:d7:00.2: [8086:09a3] type 00 class 0x088000
[   16.015007] pci 0000:d7:00.4: [8086:0b23] type 00 class 0x080700
[   16.015166] pci 0000:d7:01.0: [8086:352a] type 01 class 0x060400
[   16.015182] pci 0000:d7:01.0: reg 0x10: [mem 0x27fffff20000-0x27fffff3ffff 64bit]
[   16.015201] pci 0000:d7:01.0: enabling Extended Tags
[   16.015263] pci 0000:d7:01.0: PME# supported from D0 D3hot D3cold
[   16.015300] pci 0000:d7:01.0: PTM enabled (root), 2ns granularity
[   16.015618] pci 0000:d7:05.0: [8086:352c] type 01 class 0x060400
[   16.015634] pci 0000:d7:05.0: reg 0x10: [mem 0x27fffff00000-0x27fffff1ffff 64bit]
[   16.015653] pci 0000:d7:05.0: enabling Extended Tags
[   16.015715] pci 0000:d7:05.0: PME# supported from D0 D3hot D3cold
[   16.015751] pci 0000:d7:05.0: PTM enabled (root), 2ns granularity
[   16.016201] pci 0000:d7:01.0: PCI bridge to [bus d8]
[   16.016361] pci 0000:d7:05.0: PCI bridge to [bus d9]
[   16.016380] pci_bus 0000:d7: on NUMA node 1
[   16.016529] ACPI: PCI Root Bridge [PC16] (domain 0000 [bus 80-96])
[   16.016533] acpi PNP0A08:2b: _OSC: OS supports [ExtendedConfig ASPM ClockPM Segments MSI EDR HPX-Type3]
[   16.018866] acpi PNP0A08:2b: _OSC: platform does not support [SHPCHotplug AER DPC]
[   16.019382] acpi PNP0A08:2b: _OSC: OS now controls [PCIeHotplug PME PCIeCapability LTR]
[   16.019385] acpi PNP0A08:2b: FADT indicates ASPM is unsupported, using BIOS configuration
[   16.019519] PCI host bridge to bus 0000:80
[   16.019521] pci_bus 0000:80: root bus resource [bus 80-96]
[   16.019523] pci_bus 0000:80: root bus resource [io  0xa000-0xafff window]
[   16.019526] pci_bus 0000:80: root bus resource [mem 0xc9000000-0xc93fffff window]
[   16.019528] pci_bus 0000:80: root bus resource [mem 0x220000000000-0x22ffffffffff window]
[   16.019550] pci 0000:80:00.0: [8086:09a2] type 00 class 0x088000
[   16.019651] pci 0000:80:00.1: [8086:09a4] type 00 class 0x088000
[   16.019754] pci 0000:80:00.2: [8086:09a3] type 00 class 0x088000
[   16.019868] pci 0000:80:00.4: [8086:0b23] type 00 class 0x080700
[   16.020025] pci 0000:80:01.0: [8086:352a] type 01 class 0x060400
[   16.020041] pci 0000:80:01.0: reg 0x10: [mem 0x22fffff20000-0x22fffff3ffff 64bit]
[   16.020059] pci 0000:80:01.0: enabling Extended Tags
[   16.020120] pci 0000:80:01.0: PME# supported from D0 D3hot D3cold
[   16.020157] pci 0000:80:01.0: PTM enabled (root), 2ns granularity
[   16.020490] pci 0000:80:05.0: [8086:352c] type 01 class 0x060400
[   16.020506] pci 0000:80:05.0: reg 0x10: [mem 0x22fffff00000-0x22fffff1ffff 64bit]
[   16.020525] pci 0000:80:05.0: enabling Extended Tags
[   16.020586] pci 0000:80:05.0: PME# supported from D0 D3hot D3cold
[   16.020622] pci 0000:80:05.0: PTM enabled (root), 2ns granularity
[   16.021077] pci 0000:80:01.0: PCI bridge to [bus 81]
[   16.021243] pci 0000:80:05.0: PCI bridge to [bus 82]
[   16.021262] pci_bus 0000:80: on NUMA node 1
[   16.021428] ACPI: PCI Root Bridge [DI18] (domain 0000 [bus e7-eb])
[   16.021432] acpi PNP0A08:2c: _OSC: OS supports [ExtendedConfig ASPM ClockPM Segments MSI EDR HPX-Type3]
[   16.022951] acpi PNP0A08:2c: _OSC: platform does not support [SHPCHotplug AER DPC]
[   16.023087] acpi PNP0A08:2c: _OSC: OS now controls [PCIeHotplug PME PCIeCapability LTR]
[   16.023089] acpi PNP0A08:2c: FADT indicates ASPM is unsupported, using BIOS configuration
[   16.023230] PCI host bridge to bus 0000:e7
[   16.023232] pci_bus 0000:e7: root bus resource [bus e7-eb]
[   16.023234] pci_bus 0000:e7: root bus resource [mem 0xf9800000-0xf9ffffff window]
[   16.023237] pci_bus 0000:e7: root bus resource [mem 0x280000000000-0x28ffffffffff window]
[   16.023252] pci 0000:e7:00.0: [8086:09a2] type 00 class 0x088000
[   16.023345] pci 0000:e7:00.1: [8086:09a4] type 00 class 0x088000
[   16.023433] pci 0000:e7:00.2: [8086:09a3] type 00 class 0x088000
[   16.023526] pci 0000:e7:00.4: [8086:0b23] type 00 class 0x080700
[   16.023655] pci 0000:e7:01.0: [8086:0b25] type 00 class 0x088000
[   16.023667] pci 0000:e7:01.0: reg 0x10: [mem 0x28fffff20000-0x28fffff2ffff 64bit pref]
[   16.023675] pci 0000:e7:01.0: reg 0x18: [mem 0x28fffff00000-0x28fffff1ffff 64bit pref]
[   16.023794] pci 0000:e7:03.0: [8086:09a6] type 00 class 0x088000
[   16.023805] pci 0000:e7:03.0: reg 0x10: [mem 0xf9e00000-0xf9efffff]
[   16.023910] pci 0000:e7:03.1: [8086:09a7] type 00 class 0x088000
[   16.023922] pci 0000:e7:03.1: reg 0x10: [mem 0xf9f40000-0xf9f41fff]
[   16.023929] pci 0000:e7:03.1: reg 0x14: [mem 0xf9f00000-0xf9f3ffff]
[   16.024073] pci_bus 0000:e7: on NUMA node 1
[   16.024398] ACPI: PCI Root Bridge [DI19] (domain 0000 [bus ec-f0])
[   16.024402] acpi PNP0A08:33: _OSC: OS supports [ExtendedConfig ASPM ClockPM Segments MSI EDR HPX-Type3]
[   16.025936] acpi PNP0A08:33: _OSC: platform does not support [SHPCHotplug AER DPC]
[   16.026069] acpi PNP0A08:33: _OSC: OS now controls [PCIeHotplug PME PCIeCapability LTR]
[   16.026072] acpi PNP0A08:33: FADT indicates ASPM is unsupported, using BIOS configuration
[   16.026210] PCI host bridge to bus 0000:ec
[   16.026212] pci_bus 0000:ec: root bus resource [bus ec-f0]
[   16.026214] pci_bus 0000:ec: root bus resource [mem 0xfa000000-0xfa7fffff window]
[   16.026216] pci_bus 0000:ec: root bus resource [mem 0x290000000000-0x29ffffffffff window]
[   16.026231] pci 0000:ec:00.0: [8086:09a2] type 00 class 0x088000
[   16.026324] pci 0000:ec:00.1: [8086:09a4] type 00 class 0x088000
[   16.026412] pci 0000:ec:00.2: [8086:09a3] type 00 class 0x088000
[   16.026505] pci 0000:ec:00.4: [8086:0b23] type 00 class 0x080700
[   16.026635] pci_bus 0000:ec: on NUMA node 1
[   16.026952] ACPI: PCI Root Bridge [DI1A] (domain 0000 [bus f1-f5])
[   16.026956] acpi PNP0A08:3a: _OSC: OS supports [ExtendedConfig ASPM ClockPM Segments MSI EDR HPX-Type3]
[   16.028491] acpi PNP0A08:3a: _OSC: platform does not support [SHPCHotplug AER DPC]
[   16.028624] acpi PNP0A08:3a: _OSC: OS now controls [PCIeHotplug PME PCIeCapability LTR]
[   16.028626] acpi PNP0A08:3a: FADT indicates ASPM is unsupported, using BIOS configuration
[   16.028763] PCI host bridge to bus 0000:f1
[   16.028765] pci_bus 0000:f1: root bus resource [bus f1-f5]
[   16.028767] pci_bus 0000:f1: root bus resource [mem 0xfa800000-0xfaffffff window]
[   16.028770] pci_bus 0000:f1: root bus resource [mem 0x2a0000000000-0x2affffffffff window]
[   16.028785] pci 0000:f1:00.0: [8086:09a2] type 00 class 0x088000
[   16.028875] pci 0000:f1:00.1: [8086:09a4] type 00 class 0x088000
[   16.028964] pci 0000:f1:00.2: [8086:09a3] type 00 class 0x088000
[   16.029056] pci 0000:f1:00.4: [8086:0b23] type 00 class 0x080700
[   16.029191] pci_bus 0000:f1: on NUMA node 1
[   16.029508] ACPI: PCI Root Bridge [DI1B] (domain 0000 [bus f6-fa])
[   16.029512] acpi PNP0A08:41: _OSC: OS supports [ExtendedConfig ASPM ClockPM Segments MSI EDR HPX-Type3]
[   16.031015] acpi PNP0A08:41: _OSC: platform does not support [SHPCHotplug AER DPC]
[   16.031148] acpi PNP0A08:41: _OSC: OS now controls [PCIeHotplug PME PCIeCapability LTR]
[   16.031150] acpi PNP0A08:41: FADT indicates ASPM is unsupported, using BIOS configuration
[   16.031283] PCI host bridge to bus 0000:f6
[   16.031285] pci_bus 0000:f6: root bus resource [bus f6-fa]
[   16.031287] pci_bus 0000:f6: root bus resource [mem 0xfb000000-0xfb7fffff window]
[   16.031290] pci_bus 0000:f6: root bus resource [mem 0x2b0000000000-0x2bffffffffff window]
[   16.031305] pci 0000:f6:00.0: [8086:09a2] type 00 class 0x088000
[   16.031399] pci 0000:f6:00.1: [8086:09a4] type 00 class 0x088000
[   16.031488] pci 0000:f6:00.2: [8086:09a3] type 00 class 0x088000
[   16.031579] pci 0000:f6:00.4: [8086:0b23] type 00 class 0x080700
[   16.031709] pci_bus 0000:f6: on NUMA node 1
[   16.032006] ACPI: PCI Root Bridge [UB10] (domain 0000 [bus fe])
[   16.032009] acpi PNP0A08:48: _OSC: OS supports [ExtendedConfig ASPM ClockPM Segments MSI EDR HPX-Type3]
[   16.032174] acpi PNP0A08:48: _OSC: platform does not support [SHPCHotplug AER LTR DPC]
[   16.032363] acpi PNP0A08:48: _OSC: OS now controls [PCIeHotplug PME PCIeCapability]
[   16.032365] acpi PNP0A08:48: FADT indicates ASPM is unsupported, using BIOS configuration
[   16.032465] PCI host bridge to bus 0000:fe
[   16.032467] pci_bus 0000:fe: root bus resource [bus fe]
[   16.032489] pci 0000:fe:00.0: [8086:3250] type 00 class 0x088000
[   16.032587] pci 0000:fe:00.1: [8086:3251] type 00 class 0x088000
[   16.032671] pci 0000:fe:00.2: [8086:3252] type 00 class 0x088000
[   16.032761] pci 0000:fe:00.3: [8086:0998] type 00 class 0x060000
[   16.032870] pci 0000:fe:00.5: [8086:3255] type 00 class 0x088000
[   16.032966] pci 0000:fe:01.0: [8086:3240] type 00 class 0x088000
[   16.033087] pci 0000:fe:01.1: [8086:3241] type 00 class 0x088000
[   16.033206] pci 0000:fe:01.2: [8086:3242] type 00 class 0x088000
[   16.033332] pci 0000:fe:02.0: [8086:3240] type 00 class 0x088000
[   16.033479] pci 0000:fe:02.1: [8086:3241] type 00 class 0x088000
[   16.033623] pci 0000:fe:02.2: [8086:3242] type 00 class 0x088000
[   16.033693] pci 0000:fe:03.0: [8086:3240] type 00 class 0x088000
[   16.033693] pci 0000:fe:03.1: [8086:3241] type 00 class 0x088000
[   16.033693] pci 0000:fe:03.2: [8086:3242] type 00 class 0x088000
[   16.033693] pci 0000:fe:04.0: [8086:3240] type 00 class 0x088000
[   16.033693] pci 0000:fe:04.1: [8086:3241] type 00 class 0x088000
[   16.033693] pci 0000:fe:04.2: [8086:3242] type 00 class 0x088000
[   16.033693] pci 0000:fe:05.0: [8086:3245] type 00 class 0x088000
[   16.033693] pci 0000:fe:05.1: [8086:3246] type 00 class 0x088000
[   16.033693] pci 0000:fe:05.2: [8086:3247] type 00 class 0x088000
[   16.033693] pci 0000:fe:06.0: [8086:3245] type 00 class 0x088000
[   16.033693] pci 0000:fe:06.1: [8086:3246] type 00 class 0x088000
[   16.033693] pci 0000:fe:06.2: [8086:3247] type 00 class 0x088000
[   16.033693] pci 0000:fe:07.0: [8086:3245] type 00 class 0x088000
[   16.033693] pci 0000:fe:07.1: [8086:3246] type 00 class 0x088000
[   16.033693] pci 0000:fe:07.2: [8086:3247] type 00 class 0x088000
[   16.033693] pci 0000:fe:08.0: [8086:3245] type 00 class 0x088000
[   16.033693] pci 0000:fe:08.1: [8086:3246] type 00 class 0x088000
[   16.033693] pci 0000:fe:08.2: [8086:3247] type 00 class 0x088000
[   16.033693] pci 0000:fe:0c.0: [8086:324a] type 00 class 0x110100
[   16.033693] pci 0000:fe:0d.0: [8086:324a] type 00 class 0x110100
[   16.033693] pci 0000:fe:0e.0: [8086:324a] type 00 class 0x110100
[   16.033693] pci 0000:fe:0f.0: [8086:324a] type 00 class 0x110100
[   16.033693] pci 0000:fe:1a.0: [8086:2880] type 00 class 0x110100
[   16.033693] pci 0000:fe:1b.0: [8086:2880] type 00 class 0x110100
[   16.033693] pci 0000:fe:1c.0: [8086:2880] type 00 class 0x110100
[   16.037762] pci 0000:fe:1d.0: [8086:2880] type 00 class 0x110100
[   16.037921] pci_bus 0000:fe: on NUMA node 1
[   16.037991] ACPI: PCI Root Bridge [UB11] (domain 0000 [bus ff])
[   16.037994] acpi PNP0A08:49: _OSC: OS supports [ExtendedConfig ASPM ClockPM Segments MSI EDR HPX-Type3]
[   16.038161] acpi PNP0A08:49: _OSC: platform does not support [SHPCHotplug AER LTR DPC]
[   16.038351] acpi PNP0A08:49: _OSC: OS now controls [PCIeHotplug PME PCIeCapability]
[   16.038353] acpi PNP0A08:49: FADT indicates ASPM is unsupported, using BIOS configuration
[   16.038455] PCI host bridge to bus 0000:ff
[   16.038457] pci_bus 0000:ff: root bus resource [bus ff]
[   16.038479] pci 0000:ff:00.0: [8086:324c] type 00 class 0x088000
[   16.038613] pci 0000:ff:00.1: [8086:324c] type 00 class 0x088000
[   16.038744] pci 0000:ff:00.2: [8086:324c] type 00 class 0x088000
[   16.038885] pci 0000:ff:00.3: [8086:324c] type 00 class 0x088000
[   16.039027] pci 0000:ff:00.4: [8086:324c] type 00 class 0x088000
[   16.039154] pci 0000:ff:00.5: [8086:324c] type 00 class 0x088000
[   16.039289] pci 0000:ff:00.6: [8086:324c] type 00 class 0x088000
[   16.039432] pci 0000:ff:00.7: [8086:324c] type 00 class 0x088000
[   16.039569] pci 0000:ff:01.0: [8086:324c] type 00 class 0x088000
[   16.039698] pci 0000:ff:01.1: [8086:324c] type 00 class 0x088000
[   16.039822] pci 0000:ff:01.2: [8086:324c] type 00 class 0x088000
[   16.039940] pci 0000:ff:01.3: [8086:324c] type 00 class 0x088000
[   16.040061] pci 0000:ff:01.4: [8086:324c] type 00 class 0x088000
[   16.040187] pci 0000:ff:01.5: [8086:324c] type 00 class 0x088000
[   16.040343] pci 0000:ff:01.6: [8086:324c] type 00 class 0x088000
[   16.040506] pci 0000:ff:01.7: [8086:324c] type 00 class 0x088000
[   16.040667] pci 0000:ff:02.0: [8086:324c] type 00 class 0x088000
[   16.040818] pci 0000:ff:02.1: [8086:324c] type 00 class 0x088000
[   16.040968] pci 0000:ff:02.2: [8086:324c] type 00 class 0x088000
[   16.041115] pci 0000:ff:02.3: [8086:324c] type 00 class 0x088000
[   16.041247] pci 0000:ff:02.4: [8086:324c] type 00 class 0x088000
[   16.041394] pci 0000:ff:02.5: [8086:324c] type 00 class 0x088000
[   16.041534] pci 0000:ff:02.6: [8086:324c] type 00 class 0x088000
[   16.041668] pci 0000:ff:02.7: [8086:324c] type 00 class 0x088000
[   16.041814] pci 0000:ff:03.0: [8086:324c] type 00 class 0x088000
[   16.041953] pci 0000:ff:03.1: [8086:324c] type 00 class 0x088000
[   16.042092] pci 0000:ff:03.2: [8086:324c] type 00 class 0x088000
[   16.042221] pci 0000:ff:03.3: [8086:324c] type 00 class 0x088000
[   16.042353] pci 0000:ff:03.4: [8086:324c] type 00 class 0x088000
[   16.042486] pci 0000:ff:03.5: [8086:324c] type 00 class 0x088000
[   16.042617] pci 0000:ff:03.6: [8086:324c] type 00 class 0x088000
[   16.042763] pci 0000:ff:03.7: [8086:324c] type 00 class 0x088000
[   16.042904] pci 0000:ff:04.0: [8086:324c] type 00 class 0x088000
[   16.043044] pci 0000:ff:04.1: [8086:324c] type 00 class 0x088000
[   16.043186] pci 0000:ff:04.2: [8086:324c] type 00 class 0x088000
[   16.043330] pci 0000:ff:04.3: [8086:324c] type 00 class 0x088000
[   16.043478] pci 0000:ff:04.4: [8086:324c] type 00 class 0x088000
[   16.043624] pci 0000:ff:04.5: [8086:324c] type 00 class 0x088000
[   16.043769] pci 0000:ff:04.6: [8086:324c] type 00 class 0x088000
[   16.043920] pci 0000:ff:04.7: [8086:324c] type 00 class 0x088000
[   16.044059] pci 0000:ff:05.0: [8086:324c] type 00 class 0x088000
[   16.044246] pci 0000:ff:05.1: [8086:324c] type 00 class 0x088000
[   16.044420] pci 0000:ff:05.2: [8086:324c] type 00 class 0x088000
[   16.044562] pci 0000:ff:05.3: [8086:324c] type 00 class 0x088000
[   16.044756] pci 0000:ff:05.4: [8086:324c] type 00 class 0x088000
[   16.044942] pci 0000:ff:05.5: [8086:324c] type 00 class 0x088000
[   16.045145] pci 0000:ff:05.6: [8086:324c] type 00 class 0x088000
[   16.045345] pci 0000:ff:05.7: [8086:324c] type 00 class 0x088000
[   16.045547] pci 0000:ff:06.0: [8086:324c] type 00 class 0x088000
[   16.045744] pci 0000:ff:06.1: [8086:324c] type 00 class 0x088000
[   16.045938] pci 0000:ff:06.2: [8086:324c] type 00 class 0x088000
[   16.046140] pci 0000:ff:06.3: [8086:324c] type 00 class 0x088000
[   16.046345] pci 0000:ff:0a.0: [8086:324d] type 00 class 0x088000
[   16.046486] pci 0000:ff:0a.1: [8086:324d] type 00 class 0x088000
[   16.046618] pci 0000:ff:0a.2: [8086:324d] type 00 class 0x088000
[   16.046762] pci 0000:ff:0a.3: [8086:324d] type 00 class 0x088000
[   16.046903] pci 0000:ff:0a.4: [8086:324d] type 00 class 0x088000
[   16.047031] pci 0000:ff:0a.5: [8086:324d] type 00 class 0x088000
[   16.047166] pci 0000:ff:0a.6: [8086:324d] type 00 class 0x088000
[   16.047301] pci 0000:ff:0a.7: [8086:324d] type 00 class 0x088000
[   16.047439] pci 0000:ff:0b.0: [8086:324d] type 00 class 0x088000
[   16.047567] pci 0000:ff:0b.1: [8086:324d] type 00 class 0x088000
[   16.047690] pci 0000:ff:0b.2: [8086:324d] type 00 class 0x088000
[   16.047812] pci 0000:ff:0b.3: [8086:324d] type 00 class 0x088000
[   16.047931] pci 0000:ff:0b.4: [8086:324d] type 00 class 0x088000
[   16.048057] pci 0000:ff:0b.5: [8086:324d] type 00 class 0x088000
[   16.048213] pci 0000:ff:0b.6: [8086:324d] type 00 class 0x088000
[   16.048372] pci 0000:ff:0b.7: [8086:324d] type 00 class 0x088000
[   16.048532] pci 0000:ff:0c.0: [8086:324d] type 00 class 0x088000
[   16.048685] pci 0000:ff:0c.1: [8086:324d] type 00 class 0x088000
[   16.048836] pci 0000:ff:0c.2: [8086:324d] type 00 class 0x088000
[   16.048991] pci 0000:ff:0c.3: [8086:324d] type 00 class 0x088000
[   16.049123] pci 0000:ff:0c.4: [8086:324d] type 00 class 0x088000
[   16.049272] pci 0000:ff:0c.5: [8086:324d] type 00 class 0x088000
[   16.049416] pci 0000:ff:0c.6: [8086:324d] type 00 class 0x088000
[   16.049542] pci 0000:ff:0c.7: [8086:324d] type 00 class 0x088000
[   16.049690] pci 0000:ff:0d.0: [8086:324d] type 00 class 0x088000
[   16.049829] pci 0000:ff:0d.1: [8086:324d] type 00 class 0x088000
[   16.049967] pci 0000:ff:0d.2: [8086:324d] type 00 class 0x088000
[   16.050103] pci 0000:ff:0d.3: [8086:324d] type 00 class 0x088000
[   16.050236] pci 0000:ff:0d.4: [8086:324d] type 00 class 0x088000
[   16.050368] pci 0000:ff:0d.5: [8086:324d] type 00 class 0x088000
[   16.050501] pci 0000:ff:0d.6: [8086:324d] type 00 class 0x088000
[   16.050641] pci 0000:ff:0d.7: [8086:324d] type 00 class 0x088000
[   16.050781] pci 0000:ff:0e.0: [8086:324d] type 00 class 0x088000
[   16.050922] pci 0000:ff:0e.1: [8086:324d] type 00 class 0x088000
[   16.051065] pci 0000:ff:0e.2: [8086:324d] type 00 class 0x088000
[   16.051212] pci 0000:ff:0e.3: [8086:324d] type 00 class 0x088000
[   16.051363] pci 0000:ff:0e.4: [8086:324d] type 00 class 0x088000
[   16.051509] pci 0000:ff:0e.5: [8086:324d] type 00 class 0x088000
[   16.051653] pci 0000:ff:0e.6: [8086:324d] type 00 class 0x088000
[   16.051799] pci 0000:ff:0e.7: [8086:324d] type 00 class 0x088000
[   16.051938] pci 0000:ff:0f.0: [8086:324d] type 00 class 0x088000
[   16.052124] pci 0000:ff:0f.1: [8086:324d] type 00 class 0x088000
[   16.052301] pci 0000:ff:0f.2: [8086:324d] type 00 class 0x088000
[   16.052449] pci 0000:ff:0f.3: [8086:324d] type 00 class 0x088000
[   16.052643] pci 0000:ff:0f.4: [8086:324d] type 00 class 0x088000
[   16.052831] pci 0000:ff:0f.5: [8086:324d] type 00 class 0x088000
[   16.053027] pci 0000:ff:0f.6: [8086:324d] type 00 class 0x088000
[   16.053221] pci 0000:ff:0f.7: [8086:324d] type 00 class 0x088000
[   16.053425] pci 0000:ff:10.0: [8086:324d] type 00 class 0x088000
[   16.053620] pci 0000:ff:10.1: [8086:324d] type 00 class 0x088000
[   16.053816] pci 0000:ff:10.2: [8086:324d] type 00 class 0x088000
[   16.054022] pci 0000:ff:10.3: [8086:324d] type 00 class 0x088000
[   16.054248] pci 0000:ff:1d.0: [8086:344f] type 00 class 0x088000
[   16.054403] pci 0000:ff:1d.1: [8086:3457] type 00 class 0x088000
[   16.054555] pci 0000:ff:1e.0: [8086:3258] type 00 class 0x088000
[   16.054637] pci 0000:ff:1e.1: [8086:3259] type 00 class 0x088000
[   16.054709] pci 0000:ff:1e.2: [8086:325a] type 00 class 0x088000
[   16.054780] pci 0000:ff:1e.3: [8086:325b] type 00 class 0x088000
[   16.054854] pci 0000:ff:1e.4: [8086:325c] type 00 class 0x088000
[   16.054929] pci 0000:ff:1e.5: [8086:325d] type 00 class 0x088000
[   16.054998] pci 0000:ff:1e.6: [8086:325e] type 00 class 0x088000
[   16.055069] pci 0000:ff:1e.7: [8086:325f] type 00 class 0x088000
[   16.055138] pci_bus 0000:ff: on NUMA node 1
[   16.057941] ACPI: PCI: Interrupt link LNKA configured for IRQ 15
[   16.057944] ACPI: PCI: Interrupt link LNKA disabled
[   16.058037] ACPI: PCI: Interrupt link LNKB configured for IRQ 15
[   16.058039] ACPI: PCI: Interrupt link LNKB disabled
[   16.058131] ACPI: PCI: Interrupt link LNKC configured for IRQ 15
[   16.058133] ACPI: PCI: Interrupt link LNKC disabled
[   16.058225] ACPI: PCI: Interrupt link LNKD configured for IRQ 15
[   16.058227] ACPI: PCI: Interrupt link LNKD disabled
[   16.058318] ACPI: PCI: Interrupt link LNKE configured for IRQ 15
[   16.058320] ACPI: PCI: Interrupt link LNKE disabled
[   16.058412] ACPI: PCI: Interrupt link LNKF configured for IRQ 15
[   16.058413] ACPI: PCI: Interrupt link LNKF disabled
[   16.058505] ACPI: PCI: Interrupt link LNKG configured for IRQ 15
[   16.058506] ACPI: PCI: Interrupt link LNKG disabled
[   16.058598] ACPI: PCI: Interrupt link LNKH configured for IRQ 15
[   16.058600] ACPI: PCI: Interrupt link LNKH disabled
[   16.061718] iommu: Default domain type: Translated 
[   16.061718] iommu: DMA domain TLB invalidation policy: lazy mode 
[   16.061960] SCSI subsystem initialized
[   16.062028] libata version 3.00 loaded.
[   16.062028] pci 0000:02:00.0: vgaarb: VGA device added: decodes=io+mem,owns=none,locks=none
[   16.062028] pci 0000:29:00.0: vgaarb: VGA device added: decodes=io+mem,owns=none,locks=none
[   16.062028] pci 0000:2a:00.0: vgaarb: VGA device added: decodes=io+mem,owns=none,locks=none
[   16.062028] pci 0000:3a:00.0: vgaarb: VGA device added: decodes=io+mem,owns=none,locks=none
[   16.062028] pci 0000:3b:00.0: vgaarb: VGA device added: decodes=io+mem,owns=none,locks=none
[   16.062028] pci 0000:aa:00.0: vgaarb: VGA device added: decodes=io+mem,owns=none,locks=none
[   16.062028] pci 0000:ab:00.0: vgaarb: VGA device added: decodes=io+mem,owns=none,locks=none
[   16.062028] pci 0000:ba:00.0: vgaarb: VGA device added: decodes=io+mem,owns=none,locks=none
[   16.062028] pci 0000:bc:00.0: vgaarb: VGA device added: decodes=io+mem,owns=none,locks=none
[   16.062028] pci 0000:02:00.0: vgaarb: bridge control possible
[   16.062028] pci 0000:29:00.0: vgaarb: bridge control possible
[   16.062028] pci 0000:2a:00.0: vgaarb: bridge control possible
[   16.062028] pci 0000:3a:00.0: vgaarb: bridge control possible
[   16.062028] pci 0000:3b:00.0: vgaarb: bridge control possible
[   16.062028] pci 0000:aa:00.0: vgaarb: bridge control possible
[   16.062028] pci 0000:ab:00.0: vgaarb: bridge control possible
[   16.062028] pci 0000:ba:00.0: vgaarb: bridge control possible
[   16.062028] pci 0000:bc:00.0: vgaarb: bridge control possible
[   16.062028] pci 0000:02:00.0: vgaarb: setting as boot device
[   16.062028] vgaarb: loaded
[   16.062028] ACPI: bus type USB registered
[   16.062028] usbcore: registered new interface driver usbfs
[   16.062028] usbcore: registered new interface driver hub
[   16.062102] usbcore: registered new device driver usb
[   16.062125] pps_core: LinuxPPS API ver. 1 registered
[   16.062127] pps_core: Software ver. 5.3.6 - Copyright 2005-2007 Rodolfo Giometti <giometti@linux.it>
[   16.062131] PTP clock support registered
[   16.062230] EDAC MC: Ver: 3.0.0
[   16.068657] Registered efivars operations
[   16.068657] NetLabel: Initializing
[   16.068657] NetLabel:  domain hash size = 128
[   16.068657] NetLabel:  protocols = UNLABELED CIPSOv4 CALIPSO
[   16.068657] NetLabel:  unlabeled traffic allowed by default
[   16.068657] PCI: Using ACPI for IRQ routing
[   16.073036] PCI: pci_cache_line_size set to 64 bytes
[   16.073036] e820: reserve RAM buffer [mem 0x0003e000-0x0003ffff]
[   16.073036] e820: reserve RAM buffer [mem 0x56bb9018-0x57ffffff]
[   16.073036] e820: reserve RAM buffer [mem 0x572a3018-0x57ffffff]
[   16.073036] e820: reserve RAM buffer [mem 0x5762c018-0x57ffffff]
[   16.073036] e820: reserve RAM buffer [mem 0x57654018-0x57ffffff]
[   16.073036] e820: reserve RAM buffer [mem 0x5767c018-0x57ffffff]
[   16.073036] e820: reserve RAM buffer [mem 0x57945018-0x57ffffff]
[   16.073036] e820: reserve RAM buffer [mem 0x5796d018-0x57ffffff]
[   16.073036] e820: reserve RAM buffer [mem 0x57995018-0x57ffffff]
[   16.073036] e820: reserve RAM buffer [mem 0x579bd018-0x57ffffff]
[   16.073036] e820: reserve RAM buffer [mem 0x579e5018-0x57ffffff]
[   16.073036] e820: reserve RAM buffer [mem 0x57b76018-0x57ffffff]
[   16.073036] e820: reserve RAM buffer [mem 0x57ca3018-0x57ffffff]
[   16.073036] e820: reserve RAM buffer [mem 0x5fc61000-0x5fffffff]
[   16.073036] e820: reserve RAM buffer [mem 0x638f0000-0x63ffffff]
[   16.073036] e820: reserve RAM buffer [mem 0x6670f000-0x67ffffff]
[   16.073036] e820: reserve RAM buffer [mem 0x77800000-0x77ffffff]
[   16.074970] hpet0: at MMIO 0xfed00000, IRQs 2, 8, 0, 0, 0, 0, 0, 0
[   16.074978] hpet0: 8 comparators, 64-bit 25.000000 MHz counter
[   16.077695] clocksource: Switched to clocksource tsc-early
[   16.090535] VFS: Disk quotas dquot_6.6.0
[   16.090638] VFS: Dquot-cache hash table entries: 512 (order 0, 4096 bytes)
[   16.090899] AppArmor: AppArmor Filesystem Enabled
[   16.090948] pnp: PnP ACPI init
[   16.111257] pnp 00:01: disabling [io  0x0010-0x001f] because it overlaps 0000:29:00.0 BAR 5 [io  0x0000-0x007f]
[   16.111263] pnp 00:01: disabling [io  0x0010-0x001f disabled] because it overlaps 0000:2a:00.0 BAR 5 [io  0x0000-0x007f]
[   16.111270] pnp 00:01: disabling [io  0x0010-0x001f disabled] because it overlaps 0000:3a:00.0 BAR 5 [io  0x0000-0x007f]
[   16.111273] pnp 00:01: disabling [io  0x0010-0x001f disabled] because it overlaps 0000:3b:00.0 BAR 5 [io  0x0000-0x007f]
[   16.111315] pnp 00:01: disabling [io  0x0010-0x001f disabled] because it overlaps 0000:aa:00.0 BAR 5 [io  0x0000-0x007f]
[   16.111318] pnp 00:01: disabling [io  0x0010-0x001f disabled] because it overlaps 0000:ab:00.0 BAR 5 [io  0x0000-0x007f]
[   16.111324] pnp 00:01: disabling [io  0x0010-0x001f disabled] because it overlaps 0000:ba:00.0 BAR 5 [io  0x0000-0x007f]
[   16.111327] pnp 00:01: disabling [io  0x0010-0x001f disabled] because it overlaps 0000:bc:00.0 BAR 5 [io  0x0000-0x007f]
[   16.111465] system 00:01: [io  0x0500-0x05fe] has been reserved
[   16.111469] system 00:01: [io  0x0400-0x041f] has been reserved
[   16.111473] system 00:01: [mem 0xff000000-0xffffffff] has been reserved
[   16.112027] system 00:02: [io  0x0a00-0x0a3f] has been reserved
[   16.112030] system 00:02: [io  0x0a40-0x0a5f] has been reserved
[   16.112033] system 00:02: [io  0x0a60-0x0a6f] has been reserved
[   16.112035] system 00:02: [io  0x0a70-0x0a7f] has been reserved
[   16.112037] system 00:02: [io  0x0a80-0x0a8f] has been reserved
[   16.112799] pnp 00:03: [dma 0 disabled]
[   16.113152] system 00:04: [io  0x0500-0x05fe] has been reserved
[   16.113156] system 00:04: [mem 0xfd000000-0xfd69ffff] could not be reserved
[   16.113159] system 00:04: [mem 0xfd6c0000-0xfd6cffff] has been reserved
[   16.113162] system 00:04: [mem 0xfd6f0000-0xfdffffff] has been reserved
[   16.113164] system 00:04: [mem 0xfe000000-0xfe01ffff] could not be reserved
[   16.113167] system 00:04: [mem 0xfe200000-0xfe7fffff] has been reserved
[   16.113170] system 00:04: [mem 0xff000000-0xffffffff] has been reserved
[   16.119834] system 00:06: [mem 0xfe03e008-0xfe03efff] has been reserved
[   16.119838] system 00:06: [mem 0xfe03f000-0xfe03ffff] has been reserved
[   16.120412] pnp: PnP ACPI: found 8 devices
[   16.126148] clocksource: acpi_pm: mask: 0xffffff max_cycles: 0xffffff, max_idle_ns: 2085701024 ns
[   16.126289] NET: Registered PF_INET protocol family
[   16.126690] IP idents hash table entries: 262144 (order: 9, 2097152 bytes, vmalloc)
[   16.128927] tcp_listen_portaddr_hash hash table entries: 65536 (order: 8, 1048576 bytes, vmalloc)
[   16.129043] Table-perturb hash table entries: 65536 (order: 6, 262144 bytes, vmalloc)
[   16.129778] TCP established hash table entries: 524288 (order: 10, 4194304 bytes, vmalloc)
[   16.130489] TCP bind hash table entries: 65536 (order: 8, 1048576 bytes, vmalloc)
[   16.130561] TCP: Hash tables configured (established 524288 bind 65536)
[   16.131122] MPTCP token hash table entries: 65536 (order: 8, 1572864 bytes, vmalloc)
[   16.131627] UDP hash table entries: 65536 (order: 9, 2097152 bytes, vmalloc)
[   16.132176] UDP-Lite hash table entries: 65536 (order: 9, 2097152 bytes, vmalloc)
[   16.132567] NET: Registered PF_UNIX/PF_LOCAL protocol family
[   16.132575] NET: Registered PF_XDP protocol family
[   16.132609] pci 0000:01:00.0: PCI bridge to [bus 02]
[   16.132626] pci 0000:01:00.0:   bridge window [io  0x2000-0x2fff]
[   16.132634] pci 0000:01:00.0:   bridge window [mem 0x94000000-0x950fffff]
[   16.132645] pci 0000:00:0c.0: PCI bridge to [bus 01-02]
[   16.132648] pci 0000:00:0c.0:   bridge window [io  0x2000-0x2fff]
[   16.132653] pci 0000:00:0c.0:   bridge window [mem 0x94000000-0x950fffff]
[   16.132663] pci_bus 0000:00: resource 4 [io  0x0000-0x0cf7 window]
[   16.132666] pci_bus 0000:00: resource 5 [io  0x1000-0x3fff window]
[   16.132668] pci_bus 0000:00: resource 6 [mem 0x000a0000-0x000bffff window]
[   16.132670] pci_bus 0000:00: resource 7 [mem 0x000c8000-0x000cffff window]
[   16.132672] pci_bus 0000:00: resource 8 [mem 0x90040000-0x953fffff window]
[   16.132675] pci_bus 0000:00: resource 9 [mem 0xfe010000-0xfe010fff window]
[   16.132677] pci_bus 0000:00: resource 10 [mem 0x180000000000-0x18ffffffffff window]
[   16.132679] pci_bus 0000:01: resource 0 [io  0x2000-0x2fff]
[   16.132681] pci_bus 0000:01: resource 1 [mem 0x94000000-0x950fffff]
[   16.132684] pci_bus 0000:02: resource 0 [io  0x2000-0x2fff]
[   16.132685] pci_bus 0000:02: resource 1 [mem 0x94000000-0x950fffff]
[   16.132750] pci 0000:15:01.0: bridge window [io  0x1000-0x0fff] to [bus 16] add_size 1000
[   16.132756] pci 0000:15:01.0: BAR 13: assigned [io  0x4000-0x4fff]
[   16.132759] pci 0000:15:01.0: PCI bridge to [bus 16]
[   16.132762] pci 0000:15:01.0:   bridge window [io  0x4000-0x4fff]
[   16.132766] pci 0000:15:01.0:   bridge window [mem 0x95600000-0x956fffff]
[   16.132770] pci 0000:15:01.0:   bridge window [mem 0x19fffa000000-0x19fffdffffff 64bit pref]
[   16.132776] pci_bus 0000:15: resource 4 [io  0x4000-0x5fff window]
[   16.132778] pci_bus 0000:15: resource 5 [mem 0x95400000-0x957fffff window]
[   16.132780] pci_bus 0000:15: resource 6 [mem 0x190000000000-0x19ffffffffff window]
[   16.132783] pci_bus 0000:16: resource 0 [io  0x4000-0x4fff]
[   16.132785] pci_bus 0000:16: resource 1 [mem 0x95600000-0x956fffff]
[   16.132787] pci_bus 0000:16: resource 2 [mem 0x19fffa000000-0x19fffdffffff 64bit pref]
[   16.132837] pci 0000:26:01.0: BAR 13: no space for [io  size 0x2000]
[   16.132840] pci 0000:26:01.0: BAR 13: failed to assign [io  size 0x2000]
[   16.132842] pci 0000:27:00.0: BAR 13: no space for [io  size 0x2000]
[   16.132844] pci 0000:27:00.0: BAR 13: failed to assign [io  size 0x2000]
[   16.132847] pci 0000:28:00.0: BAR 13: no space for [io  size 0x1000]
[   16.132849] pci 0000:28:00.0: BAR 13: failed to assign [io  size 0x1000]
[   16.132851] pci 0000:28:01.0: BAR 13: no space for [io  size 0x1000]
[   16.132853] pci 0000:28:01.0: BAR 13: failed to assign [io  size 0x1000]
[   16.132855] pci 0000:29:00.0: BAR 5: no space for [io  size 0x0080]
[   16.132858] pci 0000:29:00.0: BAR 5: failed to assign [io  size 0x0080]
[   16.132860] pci 0000:28:00.0: PCI bridge to [bus 29]
[   16.132883] pci 0000:28:00.0:   bridge window [mem 0xa0000000-0xa40fffff]
[   16.132897] pci 0000:28:00.0:   bridge window [mem 0x1af000000000-0x1af8140fffff 64bit pref]
[   16.132925] pci 0000:2a:00.0: BAR 5: no space for [io  size 0x0080]
[   16.132927] pci 0000:2a:00.0: BAR 5: failed to assign [io  size 0x0080]
[   16.132929] pci 0000:28:01.0: PCI bridge to [bus 2a]
[   16.132949] pci 0000:28:01.0:   bridge window [mem 0x98000000-0x9c0fffff]
[   16.132963] pci 0000:28:01.0:   bridge window [mem 0x1ae000000000-0x1ae8140fffff 64bit pref]
[   16.132990] pci 0000:28:1f.0: PCI bridge to [bus 2b]
[   16.133023] pci 0000:28:1f.0:   bridge window [mem 0x1af814200000-0x1af8142fffff 64bit pref]
[   16.133049] pci 0000:27:00.0: PCI bridge to [bus 28-2b]
[   16.133070] pci 0000:27:00.0:   bridge window [mem 0x98000000-0xa40fffff]
[   16.133084] pci 0000:27:00.0:   bridge window [mem 0x1ae000000000-0x1af8142fffff 64bit pref]
[   16.133111] pci 0000:26:01.0: PCI bridge to [bus 27-2b]
[   16.133115] pci 0000:26:01.0:   bridge window [mem 0x98000000-0xa40fffff]
[   16.133118] pci 0000:26:01.0:   bridge window [mem 0x1ae000000000-0x1af8142fffff 64bit pref]
[   16.133123] pci_bus 0000:26: Some PCI device resources are unassigned, try booting with pci=realloc
[   16.133126] pci_bus 0000:26: resource 4 [io  0x6000-0x6fff window]
[   16.133128] pci_bus 0000:26: resource 5 [mem 0x95800000-0xa43fffff window]
[   16.133130] pci_bus 0000:26: resource 6 [mem 0x1a0000000000-0x1affffffffff window]
[   16.133132] pci_bus 0000:27: resource 1 [mem 0x98000000-0xa40fffff]
[   16.133134] pci_bus 0000:27: resource 2 [mem 0x1ae000000000-0x1af8142fffff 64bit pref]
[   16.133137] pci_bus 0000:28: resource 1 [mem 0x98000000-0xa40fffff]
[   16.133139] pci_bus 0000:28: resource 2 [mem 0x1ae000000000-0x1af8142fffff 64bit pref]
[   16.133141] pci_bus 0000:29: resource 1 [mem 0xa0000000-0xa40fffff]
[   16.133143] pci_bus 0000:29: resource 2 [mem 0x1af000000000-0x1af8140fffff 64bit pref]
[   16.133145] pci_bus 0000:2a: resource 1 [mem 0x98000000-0x9c0fffff]
[   16.133147] pci_bus 0000:2a: resource 2 [mem 0x1ae000000000-0x1ae8140fffff 64bit pref]
[   16.133150] pci_bus 0000:2b: resource 2 [mem 0x1af814200000-0x1af8142fffff 64bit pref]
[   16.133194] pci 0000:39:02.0: bridge window [io  0x1000-0x0fff] to [bus 3c] add_size 1000
[   16.133197] pci 0000:38:00.0: bridge window [io  0x1000-0x2fff] to [bus 39-3c] add_size 1000
[   16.133200] pci 0000:37:01.0: bridge window [io  0x1000-0x2fff] to [bus 38-3c] add_size 1000
[   16.133204] pci 0000:37:01.0: BAR 13: no space for [io  size 0x3000]
[   16.133206] pci 0000:37:01.0: BAR 13: failed to assign [io  size 0x3000]
[   16.133208] pci 0000:37:01.0: BAR 13: no space for [io  size 0x2000]
[   16.133210] pci 0000:37:01.0: BAR 13: failed to assign [io  size 0x2000]
[   16.133213] pci 0000:38:00.0: BAR 13: no space for [io  size 0x3000]
[   16.133215] pci 0000:38:00.0: BAR 13: failed to assign [io  size 0x3000]
[   16.133217] pci 0000:38:00.0: BAR 13: no space for [io  size 0x2000]
[   16.133219] pci 0000:38:00.0: BAR 13: failed to assign [io  size 0x2000]
[   16.133221] pci 0000:39:00.0: BAR 13: no space for [io  size 0x1000]
[   16.133223] pci 0000:39:00.0: BAR 13: failed to assign [io  size 0x1000]
[   16.133225] pci 0000:39:01.0: BAR 13: no space for [io  size 0x1000]
[   16.133227] pci 0000:39:01.0: BAR 13: failed to assign [io  size 0x1000]
[   16.133229] pci 0000:39:02.0: BAR 13: no space for [io  size 0x1000]
[   16.133231] pci 0000:39:02.0: BAR 13: failed to assign [io  size 0x1000]
[   16.133234] pci 0000:39:00.0: BAR 13: no space for [io  size 0x1000]
[   16.133236] pci 0000:39:00.0: BAR 13: failed to assign [io  size 0x1000]
[   16.133238] pci 0000:39:01.0: BAR 13: no space for [io  size 0x1000]
[   16.133240] pci 0000:39:01.0: BAR 13: failed to assign [io  size 0x1000]
[   16.133242] pci 0000:39:02.0: BAR 13: no space for [io  size 0x1000]
[   16.133244] pci 0000:39:02.0: BAR 13: failed to assign [io  size 0x1000]
[   16.133246] pci 0000:3a:00.0: BAR 5: no space for [io  size 0x0080]
[   16.133248] pci 0000:3a:00.0: BAR 5: failed to assign [io  size 0x0080]
[   16.133250] pci 0000:39:00.0: PCI bridge to [bus 3a]
[   16.133271] pci 0000:39:00.0:   bridge window [mem 0xb0000000-0xb40fffff]
[   16.133285] pci 0000:39:00.0:   bridge window [mem 0x1bf000000000-0x1bf8140fffff 64bit pref]
[   16.133312] pci 0000:3b:00.0: BAR 5: no space for [io  size 0x0080]
[   16.133314] pci 0000:3b:00.0: BAR 5: failed to assign [io  size 0x0080]
[   16.133316] pci 0000:39:01.0: PCI bridge to [bus 3b]
[   16.133336] pci 0000:39:01.0:   bridge window [mem 0xa8000000-0xac0fffff]
[   16.133350] pci 0000:39:01.0:   bridge window [mem 0x1be000000000-0x1be8140fffff 64bit pref]
[   16.133377] pci 0000:39:02.0: PCI bridge to [bus 3c]
[   16.133397] pci 0000:39:02.0:   bridge window [mem 0xb4200000-0xb42fffff]
[   16.133412] pci 0000:39:02.0:   bridge window [mem 0x1bd000000000-0x1bdfffffffff 64bit pref]
[   16.133438] pci 0000:38:00.0: PCI bridge to [bus 39-3c]
[   16.133458] pci 0000:38:00.0:   bridge window [mem 0xa8000000-0xb42fffff]
[   16.133472] pci 0000:38:00.0:   bridge window [mem 0x1bd000000000-0x1bf8140fffff 64bit pref]
[   16.133499] pci 0000:37:01.0: PCI bridge to [bus 38-3c]
[   16.133503] pci 0000:37:01.0:   bridge window [mem 0xa8000000-0xb42fffff]
[   16.133506] pci 0000:37:01.0:   bridge window [mem 0x1bd000000000-0x1bf8140fffff 64bit pref]
[   16.133511] pci_bus 0000:37: Some PCI device resources are unassigned, try booting with pci=realloc
[   16.133514] pci_bus 0000:37: resource 4 [io  0x7000-0x7fff window]
[   16.133516] pci_bus 0000:37: resource 5 [mem 0xa4400000-0xb43fffff window]
[   16.133518] pci_bus 0000:37: resource 6 [mem 0x1b0000000000-0x1bffffffffff window]
[   16.133520] pci_bus 0000:38: resource 1 [mem 0xa8000000-0xb42fffff]
[   16.133522] pci_bus 0000:38: resource 2 [mem 0x1bd000000000-0x1bf8140fffff 64bit pref]
[   16.133525] pci_bus 0000:39: resource 1 [mem 0xa8000000-0xb42fffff]
[   16.133526] pci_bus 0000:39: resource 2 [mem 0x1bd000000000-0x1bf8140fffff 64bit pref]
[   16.133529] pci_bus 0000:3a: resource 1 [mem 0xb0000000-0xb40fffff]
[   16.133531] pci_bus 0000:3a: resource 2 [mem 0x1bf000000000-0x1bf8140fffff 64bit pref]
[   16.133533] pci_bus 0000:3b: resource 1 [mem 0xa8000000-0xac0fffff]
[   16.133535] pci_bus 0000:3b: resource 2 [mem 0x1be000000000-0x1be8140fffff 64bit pref]
[   16.133537] pci_bus 0000:3c: resource 1 [mem 0xb4200000-0xb42fffff]
[   16.133539] pci_bus 0000:3c: resource 2 [mem 0x1bd000000000-0x1bdfffffffff 64bit pref]
[   16.133585] pci_bus 0000:48: resource 4 [io  0x8000-0x8fff window]
[   16.133587] pci_bus 0000:48: resource 5 [mem 0xb4400000-0xbcbfffff window]
[   16.133589] pci_bus 0000:48: resource 6 [mem 0x1c0000000000-0x1cffffffffff window]
[   16.133632] pci 0000:59:01.0: bridge window [io  0x1000-0x0fff] to [bus 5a] add_size 1000
[   16.133635] pci 0000:59:01.0: bridge window [mem 0x00100000-0x000fffff 64bit pref] to [bus 5a] add_size 200000 add_align 100000
[   16.133639] pci 0000:59:01.0: bridge window [mem 0x00100000-0x000fffff] to [bus 5a] add_size 200000 add_align 100000
[   16.133643] pci 0000:59:01.0: BAR 14: assigned [mem 0xbcc00000-0xbcdfffff]
[   16.133647] pci 0000:59:01.0: BAR 15: assigned [mem 0x1d0000000000-0x1d00001fffff 64bit pref]
[   16.133650] pci 0000:59:01.0: BAR 13: assigned [io  0x9000-0x9fff]
[   16.133653] pci 0000:59:01.0: PCI bridge to [bus 5a]
[   16.133655] pci 0000:59:01.0:   bridge window [io  0x9000-0x9fff]
[   16.133659] pci 0000:59:01.0:   bridge window [mem 0xbcc00000-0xbcdfffff]
[   16.133663] pci 0000:59:01.0:   bridge window [mem 0x1d0000000000-0x1d00001fffff 64bit pref]
[   16.133668] pci_bus 0000:59: resource 4 [io  0x9000-0x9fff window]
[   16.133670] pci_bus 0000:59: resource 5 [mem 0xbcc00000-0xc67fffff window]
[   16.133672] pci_bus 0000:59: resource 6 [mem 0x1d0000000000-0x1dffffffffff window]
[   16.133675] pci_bus 0000:5a: resource 0 [io  0x9000-0x9fff]
[   16.133677] pci_bus 0000:5a: resource 1 [mem 0xbcc00000-0xbcdfffff]
[   16.133679] pci_bus 0000:5a: resource 2 [mem 0x1d0000000000-0x1d00001fffff 64bit pref]
[   16.133724] pci_bus 0000:6a: resource 4 [mem 0xc6800000-0xc6ffffff window]
[   16.133726] pci_bus 0000:6a: resource 5 [mem 0x1e0000000000-0x1effffffffff window]
[   16.133731] pci_bus 0000:6f: resource 4 [mem 0xc7000000-0xc77fffff window]
[   16.133733] pci_bus 0000:6f: resource 5 [mem 0x1f0000000000-0x1fffffffffff window]
[   16.133738] pci_bus 0000:74: resource 4 [mem 0xc7800000-0xc7ffffff window]
[   16.133740] pci_bus 0000:74: resource 5 [mem 0x200000000000-0x20ffffffffff window]
[   16.133745] pci_bus 0000:79: resource 4 [mem 0xc8000000-0xc87fffff window]
[   16.133747] pci_bus 0000:79: resource 5 [mem 0x210000000000-0x21ffffffffff window]
[   16.133781] pci 0000:97:01.0: bridge window [io  0x1000-0x0fff] to [bus 98] add_size 1000
[   16.133785] pci 0000:97:01.0: BAR 13: assigned [io  0xb000-0xbfff]
[   16.133788] pci 0000:97:01.0: PCI bridge to [bus 98]
[   16.133790] pci 0000:97:01.0:   bridge window [io  0xb000-0xbfff]
[   16.133794] pci 0000:97:01.0:   bridge window [mem 0xca900000-0xcaafffff]
[   16.133798] pci 0000:97:01.0:   bridge window [mem 0x23fff6000000-0x23ffff7fffff 64bit pref]
[   16.133803] pci_bus 0000:97: resource 4 [io  0xb000-0xbfff window]
[   16.133805] pci_bus 0000:97: resource 5 [mem 0xc9400000-0xcabfffff window]
[   16.133807] pci_bus 0000:97: resource 6 [mem 0x230000000000-0x23ffffffffff window]
[   16.133809] pci_bus 0000:98: resource 0 [io  0xb000-0xbfff]
[   16.133811] pci_bus 0000:98: resource 1 [mem 0xca900000-0xcaafffff]
[   16.133813] pci_bus 0000:98: resource 2 [mem 0x23fff6000000-0x23ffff7fffff 64bit pref]
[   16.133861] pci 0000:a7:01.0: BAR 13: no space for [io  size 0x2000]
[   16.133863] pci 0000:a7:01.0: BAR 13: failed to assign [io  size 0x2000]
[   16.133866] pci 0000:a8:00.0: BAR 13: no space for [io  size 0x2000]
[   16.133868] pci 0000:a8:00.0: BAR 13: failed to assign [io  size 0x2000]
[   16.133870] pci 0000:a9:00.0: BAR 13: no space for [io  size 0x1000]
[   16.133872] pci 0000:a9:00.0: BAR 13: failed to assign [io  size 0x1000]
[   16.133874] pci 0000:a9:01.0: BAR 13: no space for [io  size 0x1000]
[   16.133876] pci 0000:a9:01.0: BAR 13: failed to assign [io  size 0x1000]
[   16.133878] pci 0000:aa:00.0: BAR 5: no space for [io  size 0x0080]
[   16.133880] pci 0000:aa:00.0: BAR 5: failed to assign [io  size 0x0080]
[   16.133882] pci 0000:a9:00.0: PCI bridge to [bus aa]
[   16.133904] pci 0000:a9:00.0:   bridge window [mem 0xd4000000-0xd80fffff]
[   16.133918] pci 0000:a9:00.0:   bridge window [mem 0x24f000000000-0x24f8140fffff 64bit pref]
[   16.133946] pci 0000:ab:00.0: BAR 5: no space for [io  size 0x0080]
[   16.133948] pci 0000:ab:00.0: BAR 5: failed to assign [io  size 0x0080]
[   16.133950] pci 0000:a9:01.0: PCI bridge to [bus ab]
[   16.133970] pci 0000:a9:01.0:   bridge window [mem 0xcc000000-0xd00fffff]
[   16.133984] pci 0000:a9:01.0:   bridge window [mem 0x24e000000000-0x24e8140fffff 64bit pref]
[   16.134011] pci 0000:a9:1f.0: PCI bridge to [bus ac]
[   16.134044] pci 0000:a9:1f.0:   bridge window [mem 0x24f814200000-0x24f8142fffff 64bit pref]
[   16.134071] pci 0000:a8:00.0: PCI bridge to [bus a9-ac]
[   16.134091] pci 0000:a8:00.0:   bridge window [mem 0xcc000000-0xd80fffff]
[   16.134105] pci 0000:a8:00.0:   bridge window [mem 0x24e000000000-0x24f8142fffff 64bit pref]
[   16.134132] pci 0000:a7:01.0: PCI bridge to [bus a8-ac]
[   16.134136] pci 0000:a7:01.0:   bridge window [mem 0xcc000000-0xd80fffff]
[   16.134140] pci 0000:a7:01.0:   bridge window [mem 0x24e000000000-0x24f8142fffff 64bit pref]
[   16.134145] pci_bus 0000:a7: Some PCI device resources are unassigned, try booting with pci=realloc
[   16.134147] pci_bus 0000:a7: resource 4 [io  0xc000-0xcfff window]
[   16.134149] pci_bus 0000:a7: resource 5 [mem 0xcac00000-0xd97fffff window]
[   16.134151] pci_bus 0000:a7: resource 6 [mem 0x240000000000-0x24ffffffffff window]
[   16.134153] pci_bus 0000:a8: resource 1 [mem 0xcc000000-0xd80fffff]
[   16.134155] pci_bus 0000:a8: resource 2 [mem 0x24e000000000-0x24f8142fffff 64bit pref]
[   16.134158] pci_bus 0000:a9: resource 1 [mem 0xcc000000-0xd80fffff]
[   16.134160] pci_bus 0000:a9: resource 2 [mem 0x24e000000000-0x24f8142fffff 64bit pref]
[   16.134162] pci_bus 0000:aa: resource 1 [mem 0xd4000000-0xd80fffff]
[   16.134164] pci_bus 0000:aa: resource 2 [mem 0x24f000000000-0x24f8140fffff 64bit pref]
[   16.134166] pci_bus 0000:ab: resource 1 [mem 0xcc000000-0xd00fffff]
[   16.134168] pci_bus 0000:ab: resource 2 [mem 0x24e000000000-0x24e8140fffff 64bit pref]
[   16.134170] pci_bus 0000:ac: resource 2 [mem 0x24f814200000-0x24f8142fffff 64bit pref]
[   16.134215] pci 0000:b9:01.0: bridge window [io  0x1000-0x0fff] to [bus bb] add_size 1000
[   16.134218] pci 0000:b8:00.0: bridge window [io  0x1000-0x2fff] to [bus b9-bc] add_size 1000
[   16.134221] pci 0000:b7:01.0: bridge window [io  0x1000-0x2fff] to [bus b8-bc] add_size 1000
[   16.134224] pci 0000:b7:01.0: BAR 13: no space for [io  size 0x3000]
[   16.134226] pci 0000:b7:01.0: BAR 13: failed to assign [io  size 0x3000]
[   16.134229] pci 0000:b7:01.0: BAR 13: no space for [io  size 0x2000]
[   16.134230] pci 0000:b7:01.0: BAR 13: failed to assign [io  size 0x2000]
[   16.134233] pci 0000:b8:00.0: BAR 13: no space for [io  size 0x3000]
[   16.134235] pci 0000:b8:00.0: BAR 13: failed to assign [io  size 0x3000]
[   16.134237] pci 0000:b8:00.0: BAR 13: no space for [io  size 0x2000]
[   16.134239] pci 0000:b8:00.0: BAR 13: failed to assign [io  size 0x2000]
[   16.134241] pci 0000:b9:00.0: BAR 13: no space for [io  size 0x1000]
[   16.134243] pci 0000:b9:00.0: BAR 13: failed to assign [io  size 0x1000]
[   16.134245] pci 0000:b9:01.0: BAR 13: no space for [io  size 0x1000]
[   16.134247] pci 0000:b9:01.0: BAR 13: failed to assign [io  size 0x1000]
[   16.134249] pci 0000:b9:02.0: BAR 13: no space for [io  size 0x1000]
[   16.134251] pci 0000:b9:02.0: BAR 13: failed to assign [io  size 0x1000]
[   16.134254] pci 0000:b9:00.0: BAR 13: no space for [io  size 0x1000]
[   16.134255] pci 0000:b9:00.0: BAR 13: failed to assign [io  size 0x1000]
[   16.134258] pci 0000:b9:02.0: BAR 13: no space for [io  size 0x1000]
[   16.134259] pci 0000:b9:02.0: BAR 13: failed to assign [io  size 0x1000]
[   16.134261] pci 0000:b9:01.0: BAR 13: no space for [io  size 0x1000]
[   16.134263] pci 0000:b9:01.0: BAR 13: failed to assign [io  size 0x1000]
[   16.134266] pci 0000:ba:00.0: BAR 5: no space for [io  size 0x0080]
[   16.134268] pci 0000:ba:00.0: BAR 5: failed to assign [io  size 0x0080]
[   16.134270] pci 0000:b9:00.0: PCI bridge to [bus ba]
[   16.134290] pci 0000:b9:00.0:   bridge window [mem 0xe4000000-0xe80fffff]
[   16.134304] pci 0000:b9:00.0:   bridge window [mem 0x25f000000000-0x25f8140fffff 64bit pref]
[   16.134332] pci 0000:b9:01.0: PCI bridge to [bus bb]
[   16.134352] pci 0000:b9:01.0:   bridge window [mem 0xe8200000-0xe82fffff]
[   16.134366] pci 0000:b9:01.0:   bridge window [mem 0x25d000000000-0x25dfffffffff 64bit pref]
[   16.134393] pci 0000:bc:00.0: BAR 5: no space for [io  size 0x0080]
[   16.134395] pci 0000:bc:00.0: BAR 5: failed to assign [io  size 0x0080]
[   16.134397] pci 0000:b9:02.0: PCI bridge to [bus bc]
[   16.134417] pci 0000:b9:02.0:   bridge window [mem 0xdc000000-0xe00fffff]
[   16.134432] pci 0000:b9:02.0:   bridge window [mem 0x25e000000000-0x25e8140fffff 64bit pref]
[   16.134458] pci 0000:b8:00.0: PCI bridge to [bus b9-bc]
[   16.134479] pci 0000:b8:00.0:   bridge window [mem 0xdc000000-0xe82fffff]
[   16.134493] pci 0000:b8:00.0:   bridge window [mem 0x25d000000000-0x25f8140fffff 64bit pref]
[   16.134519] pci 0000:b7:01.0: PCI bridge to [bus b8-bc]
[   16.134523] pci 0000:b7:01.0:   bridge window [mem 0xdc000000-0xe82fffff]
[   16.134527] pci 0000:b7:01.0:   bridge window [mem 0x25d000000000-0x25f8140fffff 64bit pref]
[   16.134532] pci_bus 0000:b7: Some PCI device resources are unassigned, try booting with pci=realloc
[   16.134534] pci_bus 0000:b7: resource 4 [io  0xd000-0xdfff window]
[   16.134536] pci_bus 0000:b7: resource 5 [mem 0xd9800000-0xe97fffff window]
[   16.134538] pci_bus 0000:b7: resource 6 [mem 0x250000000000-0x25ffffffffff window]
[   16.134541] pci_bus 0000:b8: resource 1 [mem 0xdc000000-0xe82fffff]
[   16.134543] pci_bus 0000:b8: resource 2 [mem 0x25d000000000-0x25f8140fffff 64bit pref]
[   16.134545] pci_bus 0000:b9: resource 1 [mem 0xdc000000-0xe82fffff]
[   16.134547] pci_bus 0000:b9: resource 2 [mem 0x25d000000000-0x25f8140fffff 64bit pref]
[   16.134549] pci_bus 0000:ba: resource 1 [mem 0xe4000000-0xe80fffff]
[   16.134551] pci_bus 0000:ba: resource 2 [mem 0x25f000000000-0x25f8140fffff 64bit pref]
[   16.134554] pci_bus 0000:bb: resource 1 [mem 0xe8200000-0xe82fffff]
[   16.134556] pci_bus 0000:bb: resource 2 [mem 0x25d000000000-0x25dfffffffff 64bit pref]
[   16.134558] pci_bus 0000:bc: resource 1 [mem 0xdc000000-0xe00fffff]
[   16.134560] pci_bus 0000:bc: resource 2 [mem 0x25e000000000-0x25e8140fffff 64bit pref]
[   16.134605] pci_bus 0000:c7: resource 4 [io  0xe000-0xefff window]
[   16.134607] pci_bus 0000:c7: resource 5 [mem 0xe9800000-0xf17fffff window]
[   16.134609] pci_bus 0000:c7: resource 6 [mem 0x260000000000-0x26ffffffffff window]
[   16.134652] pci 0000:d7:01.0: bridge window [io  0x1000-0x0fff] to [bus d8] add_size 1000
[   16.134655] pci 0000:d7:01.0: bridge window [mem 0x00100000-0x000fffff 64bit pref] to [bus d8] add_size 200000 add_align 100000
[   16.134658] pci 0000:d7:01.0: bridge window [mem 0x00100000-0x000fffff] to [bus d8] add_size 200000 add_align 100000
[   16.134661] pci 0000:d7:05.0: bridge window [io  0x1000-0x0fff] to [bus d9] add_size 1000
[   16.134663] pci 0000:d7:05.0: bridge window [mem 0x00100000-0x000fffff 64bit pref] to [bus d9] add_size 200000 add_align 100000
[   16.134666] pci 0000:d7:05.0: bridge window [mem 0x00100000-0x000fffff] to [bus d9] add_size 200000 add_align 100000
[   16.134673] pci 0000:d7:01.0: BAR 14: assigned [mem 0xf1800000-0xf19fffff]
[   16.134676] pci 0000:d7:01.0: BAR 15: assigned [mem 0x270000000000-0x2700001fffff 64bit pref]
[   16.134679] pci 0000:d7:05.0: BAR 14: assigned [mem 0xf1a00000-0xf1bfffff]
[   16.134682] pci 0000:d7:05.0: BAR 15: assigned [mem 0x270000200000-0x2700003fffff 64bit pref]
[   16.134685] pci 0000:d7:01.0: BAR 13: assigned [io  0xf000-0xffff]
[   16.134687] pci 0000:d7:05.0: BAR 13: no space for [io  size 0x1000]
[   16.134689] pci 0000:d7:05.0: BAR 13: failed to assign [io  size 0x1000]
[   16.134692] pci 0000:d7:05.0: BAR 13: assigned [io  0xf000-0xffff]
[   16.134694] pci 0000:d7:01.0: BAR 13: no space for [io  size 0x1000]
[   16.134696] pci 0000:d7:01.0: BAR 13: failed to assign [io  size 0x1000]
[   16.134699] pci 0000:d7:01.0: PCI bridge to [bus d8]
[   16.134703] pci 0000:d7:01.0:   bridge window [mem 0xf1800000-0xf19fffff]
[   16.134707] pci 0000:d7:01.0:   bridge window [mem 0x270000000000-0x2700001fffff 64bit pref]
[   16.134713] pci 0000:d7:05.0: PCI bridge to [bus d9]
[   16.134715] pci 0000:d7:05.0:   bridge window [io  0xf000-0xffff]
[   16.134720] pci 0000:d7:05.0:   bridge window [mem 0xf1a00000-0xf1bfffff]
[   16.134723] pci 0000:d7:05.0:   bridge window [mem 0x270000200000-0x2700003fffff 64bit pref]
[   16.134729] pci_bus 0000:d7: resource 4 [io  0xf000-0xffff window]
[   16.134731] pci_bus 0000:d7: resource 5 [mem 0xf1800000-0xf97fffff window]
[   16.134733] pci_bus 0000:d7: resource 6 [mem 0x270000000000-0x27ffffffffff window]
[   16.134735] pci_bus 0000:d8: resource 1 [mem 0xf1800000-0xf19fffff]
[   16.134737] pci_bus 0000:d8: resource 2 [mem 0x270000000000-0x2700001fffff 64bit pref]
[   16.134740] pci_bus 0000:d9: resource 0 [io  0xf000-0xffff]
[   16.134741] pci_bus 0000:d9: resource 1 [mem 0xf1a00000-0xf1bfffff]
[   16.134743] pci_bus 0000:d9: resource 2 [mem 0x270000200000-0x2700003fffff 64bit pref]
[   16.134788] pci 0000:80:05.0: bridge window [io  0x1000-0x0fff] to [bus 82] add_size 1000
[   16.134790] pci 0000:80:05.0: bridge window [mem 0x00100000-0x000fffff 64bit pref] to [bus 82] add_size 200000 add_align 100000
[   16.134793] pci 0000:80:05.0: bridge window [mem 0x00100000-0x000fffff] to [bus 82] add_size 200000 add_align 100000
[   16.134797] pci 0000:80:05.0: BAR 14: assigned [mem 0xc9000000-0xc91fffff]
[   16.134800] pci 0000:80:05.0: BAR 15: assigned [mem 0x220000000000-0x2200001fffff 64bit pref]
[   16.134803] pci 0000:80:05.0: BAR 13: assigned [io  0xa000-0xafff]
[   16.134805] pci 0000:80:01.0: PCI bridge to [bus 81]
[   16.134814] pci 0000:80:05.0: PCI bridge to [bus 82]
[   16.134817] pci 0000:80:05.0:   bridge window [io  0xa000-0xafff]
[   16.134821] pci 0000:80:05.0:   bridge window [mem 0xc9000000-0xc91fffff]
[   16.134825] pci 0000:80:05.0:   bridge window [mem 0x220000000000-0x2200001fffff 64bit pref]
[   16.134830] pci_bus 0000:80: resource 4 [io  0xa000-0xafff window]
[   16.134832] pci_bus 0000:80: resource 5 [mem 0xc9000000-0xc93fffff window]
[   16.134834] pci_bus 0000:80: resource 6 [mem 0x220000000000-0x22ffffffffff window]
[   16.134837] pci_bus 0000:82: resource 0 [io  0xa000-0xafff]
[   16.134839] pci_bus 0000:82: resource 1 [mem 0xc9000000-0xc91fffff]
[   16.134841] pci_bus 0000:82: resource 2 [mem 0x220000000000-0x2200001fffff 64bit pref]
[   16.134884] pci_bus 0000:e7: resource 4 [mem 0xf9800000-0xf9ffffff window]
[   16.134886] pci_bus 0000:e7: resource 5 [mem 0x280000000000-0x28ffffffffff window]
[   16.134891] pci_bus 0000:ec: resource 4 [mem 0xfa000000-0xfa7fffff window]
[   16.134894] pci_bus 0000:ec: resource 5 [mem 0x290000000000-0x29ffffffffff window]
[   16.134898] pci_bus 0000:f1: resource 4 [mem 0xfa800000-0xfaffffff window]
[   16.134901] pci_bus 0000:f1: resource 5 [mem 0x2a0000000000-0x2affffffffff window]
[   16.134905] pci_bus 0000:f6: resource 4 [mem 0xfb000000-0xfb7fffff window]
[   16.134907] pci_bus 0000:f6: resource 5 [mem 0x2b0000000000-0x2bffffffffff window]
[   16.135424] pci 0000:16:00.0: CLS mismatch (64 != 32), using 64 bytes
[   16.135603] pci 0000:29:00.1: D0 power state depends on 0000:29:00.0
[   16.136225] pci 0000:2a:00.1: D0 power state depends on 0000:2a:00.0
[   16.136811] pci 0000:3a:00.1: D0 power state depends on 0000:3a:00.0
[   16.137381] pci 0000:3b:00.1: D0 power state depends on 0000:3b:00.0
[   16.138154] pci 0000:aa:00.1: D0 power state depends on 0000:aa:00.0
[   16.138791] pci 0000:ab:00.1: D0 power state depends on 0000:ab:00.0
[   16.139439] pci 0000:ba:00.1: D0 power state depends on 0000:ba:00.0
[   16.139953] pci 0000:bc:00.1: D0 power state depends on 0000:bc:00.0
[   16.140698] Trying to unpack rootfs image as initramfs...
[   16.140934] PCI-DMA: Using software bounce buffering for IO (SWIOTLB)
[   16.140937] software IO TLB: mapped [mem 0x000000004c1d7000-0x00000000501d7000] (64MB)
[   16.155332] clocksource: tsc: mask: 0xffffffffffffffff max_cycles: 0x1e4530a99b6, max_idle_ns: 440795257976 ns
[   16.155671] clocksource: Switched to clocksource tsc
[   16.160276] Initialise system trusted keyrings
[   16.160286] Key type blacklist registered
[   16.160358] workingset: timestamp_bits=36 max_order=28 bucket_order=0
[   16.161330] zbud: loaded
[   16.161794] squashfs: version 4.0 (2009/01/31) Phillip Lougher
[   16.161941] fuse: init (API version 7.34)
[   16.162180] integrity: Platform Keyring initialized
[   16.172729] Key type asymmetric registered
[   16.172732] Asymmetric key parser 'x509' registered
[   16.172744] Block layer SCSI generic (bsg) driver version 0.4 loaded (major 243)
[   16.172814] io scheduler mq-deadline registered
[   16.174834] pcieport 0000:00:00.4: PME: Signaling with IRQ 44
[   16.175138] pcieport 0000:00:0c.0: PME: Signaling with IRQ 45
[   16.175359] pcieport 0000:15:00.4: PME: Signaling with IRQ 46
[   16.175513] pcieport 0000:15:01.0: PME: Signaling with IRQ 47
[   16.175531] pcieport 0000:15:01.0: pciehp: Slot #0 AttnBtn- PwrCtrl- MRL- AttnInd- PwrInd- HotPlug+ Surprise+ Interlock- NoCompl- IbPresDis- LLActRep+ (with Cmd Compl erratum)
[   16.175754] pcieport 0000:26:00.4: PME: Signaling with IRQ 48
[   16.175906] pcieport 0000:26:01.0: PME: Signaling with IRQ 49
[   16.175931] pcieport 0000:26:01.0: pciehp: Slot #1 AttnBtn- PwrCtrl- MRL- AttnInd- PwrInd- HotPlug+ Surprise+ Interlock- NoCompl- IbPresDis- LLActRep+ (with Cmd Compl erratum)
[   16.176647] pcieport 0000:28:00.0: pciehp: Slot #52 AttnBtn- PwrCtrl- MRL- AttnInd+ PwrInd+ HotPlug+ Surprise- Interlock- NoCompl+ IbPresDis- LLActRep+
[   16.178324] pcieport 0000:28:01.0: pciehp: Slot #53 AttnBtn- PwrCtrl- MRL- AttnInd+ PwrInd+ HotPlug+ Surprise- Interlock- NoCompl+ IbPresDis- LLActRep+
[   16.179181] pcieport 0000:37:00.4: PME: Signaling with IRQ 52
[   16.179332] pcieport 0000:37:01.0: PME: Signaling with IRQ 53
[   16.179358] pcieport 0000:37:01.0: pciehp: Slot #2 AttnBtn- PwrCtrl- MRL- AttnInd- PwrInd- HotPlug+ Surprise+ Interlock- NoCompl- IbPresDis- LLActRep+ (with Cmd Compl erratum)
[   16.180079] pcieport 0000:39:00.0: pciehp: Slot #54 AttnBtn- PwrCtrl- MRL- AttnInd+ PwrInd+ HotPlug+ Surprise- Interlock- NoCompl+ IbPresDis- LLActRep+
[   16.181942] pcieport 0000:39:01.0: pciehp: Slot #55 AttnBtn- PwrCtrl- MRL- AttnInd+ PwrInd+ HotPlug+ Surprise- Interlock- NoCompl+ IbPresDis- LLActRep+
[   16.182583] pcieport 0000:39:02.0: pciehp: Slot #56 AttnBtn- PwrCtrl- MRL- AttnInd+ PwrInd+ HotPlug+ Surprise- Interlock- NoCompl+ IbPresDis- LLActRep+
[   16.183100] pcieport 0000:48:00.4: PME: Signaling with IRQ 57
[   16.183260] pcieport 0000:59:00.4: PME: Signaling with IRQ 58
[   16.183412] pcieport 0000:59:01.0: PME: Signaling with IRQ 59
[   16.183428] pcieport 0000:59:01.0: pciehp: Slot #3 AttnBtn- PwrCtrl- MRL- AttnInd- PwrInd- HotPlug+ Surprise+ Interlock- NoCompl- IbPresDis- LLActRep+ (with Cmd Compl erratum)
[   16.183610] pcieport 0000:6a:00.4: PME: Signaling with IRQ 60
[   16.183760] pcieport 0000:6f:00.4: PME: Signaling with IRQ 61
[   16.183898] pcieport 0000:74:00.4: PME: Signaling with IRQ 62
[   16.184028] pcieport 0000:79:00.4: PME: Signaling with IRQ 63
[   16.184450] pcieport 0000:97:00.4: PME: Signaling with IRQ 64
[   16.184660] pcieport 0000:97:01.0: PME: Signaling with IRQ 65
[   16.184683] pcieport 0000:97:01.0: pciehp: Slot #1 AttnBtn- PwrCtrl- MRL- AttnInd- PwrInd- HotPlug+ Surprise+ Interlock- NoCompl- IbPresDis- LLActRep+ (with Cmd Compl erratum)
[   16.184971] pcieport 0000:a7:00.4: PME: Signaling with IRQ 66
[   16.185150] pcieport 0000:a7:01.0: PME: Signaling with IRQ 67
[   16.185182] pcieport 0000:a7:01.0: pciehp: Slot #5 AttnBtn- PwrCtrl- MRL- AttnInd- PwrInd- HotPlug+ Surprise+ Interlock- NoCompl- IbPresDis- LLActRep+ (with Cmd Compl erratum)
[   16.185947] pcieport 0000:a9:00.0: pciehp: Slot #52 AttnBtn- PwrCtrl- MRL- AttnInd+ PwrInd+ HotPlug+ Surprise- Interlock- NoCompl+ IbPresDis- LLActRep+
[   16.187699] pcieport 0000:a9:01.0: pciehp: Slot #53 AttnBtn- PwrCtrl- MRL- AttnInd+ PwrInd+ HotPlug+ Surprise- Interlock- NoCompl+ IbPresDis- LLActRep+
[   16.188619] pcieport 0000:b7:00.4: PME: Signaling with IRQ 70
[   16.188801] pcieport 0000:b7:01.0: PME: Signaling with IRQ 71
[   16.188832] pcieport 0000:b7:01.0: pciehp: Slot #6 AttnBtn- PwrCtrl- MRL- AttnInd- PwrInd- HotPlug+ Surprise+ Interlock- NoCompl- IbPresDis- LLActRep+ (with Cmd Compl erratum)
[   16.189575] pcieport 0000:b9:00.0: pciehp: Slot #54 AttnBtn- PwrCtrl- MRL- AttnInd+ PwrInd+ HotPlug+ Surprise- Interlock- NoCompl+ IbPresDis- LLActRep+
[   16.191310] pcieport 0000:b9:01.0: pciehp: Slot #55 AttnBtn- PwrCtrl- MRL- AttnInd+ PwrInd+ HotPlug+ Surprise- Interlock- NoCompl+ IbPresDis- LLActRep+
[   16.191987] pcieport 0000:b9:02.0: pciehp: Slot #56 AttnBtn- PwrCtrl- MRL- AttnInd+ PwrInd+ HotPlug+ Surprise- Interlock- NoCompl+ IbPresDis- LLActRep+
[   16.192545] pcieport 0000:c7:00.4: PME: Signaling with IRQ 75
[   16.192741] pcieport 0000:d7:00.4: PME: Signaling with IRQ 76
[   16.192919] pcieport 0000:d7:01.0: PME: Signaling with IRQ 77
[   16.192936] pcieport 0000:d7:01.0: pciehp: Slot #241 AttnBtn- PwrCtrl- MRL- AttnInd- PwrInd- HotPlug+ Surprise+ Interlock- NoCompl- IbPresDis- LLActRep+ (with Cmd Compl erratum)
[   16.193169] pcieport 0000:d7:05.0: PME: Signaling with IRQ 78
[   16.193187] pcieport 0000:d7:05.0: pciehp: Slot #242 AttnBtn- PwrCtrl- MRL- AttnInd- PwrInd- HotPlug+ Surprise+ Interlock- NoCompl- IbPresDis- LLActRep+ (with Cmd Compl erratum)
[   16.193427] pcieport 0000:80:00.4: PME: Signaling with IRQ 79
[   16.193601] pcieport 0000:80:01.0: PME: Signaling with IRQ 80
[   16.193790] pcieport 0000:80:05.0: PME: Signaling with IRQ 81
[   16.193806] pcieport 0000:80:05.0: pciehp: Slot #9 AttnBtn- PwrCtrl- MRL- AttnInd- PwrInd- HotPlug+ Surprise+ Interlock- NoCompl- IbPresDis- LLActRep+ (with Cmd Compl erratum)
[   16.194034] pcieport 0000:e7:00.4: PME: Signaling with IRQ 82
[   16.194208] pcieport 0000:ec:00.4: PME: Signaling with IRQ 83
[   16.194362] pcieport 0000:f1:00.4: PME: Signaling with IRQ 84
[   16.194514] pcieport 0000:f6:00.4: PME: Signaling with IRQ 85
[   16.195053] shpchp: Standard Hot Plug PCI Controller Driver version: 0.4
[   16.195820] input: Power Button as /devices/LNXSYSTM:00/LNXSYBUS:00/PNP0C0C:00/input/input0
[   16.195916] ACPI: button: Power Button [PWRB]
[   16.196089] input: Power Button as /devices/LNXSYSTM:00/LNXPWRBN:00/input/input1
[   16.196116] ACPI: button: Power Button [PWRF]
[   16.196321] smpboot: Estimated ratio of average max frequency by base frequency (times 1024): 1560
[   16.196437] ACPI: \_SB_.SCK0.C000: Found 1 idle states
[   16.196683] ACPI: \_SB_.SCK0.C001: Found 1 idle states
[   16.196910] ACPI: \_SB_.SCK0.C002: Found 1 idle states
[   16.197133] ACPI: \_SB_.SCK0.C003: Found 1 idle states
[   16.197356] ACPI: \_SB_.SCK0.C004: Found 1 idle states
[   16.197578] ACPI: \_SB_.SCK0.C005: Found 1 idle states
[   16.197800] ACPI: \_SB_.SCK0.C006: Found 1 idle states
[   16.198021] ACPI: \_SB_.SCK0.C007: Found 1 idle states
[   16.198248] ACPI: \_SB_.SCK0.C008: Found 1 idle states
[   16.198470] ACPI: \_SB_.SCK0.C009: Found 1 idle states
[   16.198692] ACPI: \_SB_.SCK0.C00A: Found 1 idle states
[   16.198915] ACPI: \_SB_.SCK0.C00B: Found 1 idle states
[   16.199137] ACPI: \_SB_.SCK0.C00C: Found 1 idle states
[   16.199359] ACPI: \_SB_.SCK0.C00D: Found 1 idle states
[   16.199584] ACPI: \_SB_.SCK0.C00E: Found 1 idle states
[   16.199828] ACPI: \_SB_.SCK0.C00F: Found 1 idle states
[   16.200082] ACPI: \_SB_.SCK0.C010: Found 1 idle states
[   16.200334] ACPI: \_SB_.SCK0.C011: Found 1 idle states
[   16.200596] ACPI: \_SB_.SCK0.C012: Found 1 idle states
[   16.200849] ACPI: \_SB_.SCK0.C013: Found 1 idle states
[   16.201100] ACPI: \_SB_.SCK0.C014: Found 1 idle states
[   16.201350] ACPI: \_SB_.SCK0.C015: Found 1 idle states
[   16.201605] ACPI: \_SB_.SCK0.C016: Found 1 idle states
[   16.201852] ACPI: \_SB_.SCK0.C017: Found 1 idle states
[   16.202076] ACPI: \_SB_.SCK0.C018: Found 1 idle states
[   16.202298] ACPI: \_SB_.SCK0.C019: Found 1 idle states
[   16.202520] ACPI: \_SB_.SCK0.C01A: Found 1 idle states
[   16.202744] ACPI: \_SB_.SCK0.C01B: Found 1 idle states
[   16.202966] ACPI: \_SB_.SCK0.C01C: Found 1 idle states
[   16.203199] ACPI: \_SB_.SCK0.C01D: Found 1 idle states
[   16.203422] ACPI: \_SB_.SCK0.C01E: Found 1 idle states
[   16.203648] ACPI: \_SB_.SCK0.C01F: Found 1 idle states
[   16.203911] ACPI: \_SB_.SCK0.C020: Found 1 idle states
[   16.204142] ACPI: \_SB_.SCK0.C021: Found 1 idle states
[   16.204366] ACPI: \_SB_.SCK0.C022: Found 1 idle states
[   16.204591] ACPI: \_SB_.SCK0.C023: Found 1 idle states
[   16.204818] ACPI: \_SB_.SCK0.C024: Found 1 idle states
[   16.205044] ACPI: \_SB_.SCK0.C025: Found 1 idle states
[   16.205267] ACPI: \_SB_.SCK0.C026: Found 1 idle states
[   16.205490] ACPI: \_SB_.SCK0.C027: Found 1 idle states
[   16.205720] ACPI: \_SB_.SCK0.C028: Found 1 idle states
[   16.205942] ACPI: \_SB_.SCK0.C029: Found 1 idle states
[   16.206172] ACPI: \_SB_.SCK0.C02A: Found 1 idle states
[   16.206395] ACPI: \_SB_.SCK0.C02B: Found 1 idle states
[   16.206617] ACPI: \_SB_.SCK0.C02C: Found 1 idle states
[   16.206841] ACPI: \_SB_.SCK0.C02D: Found 1 idle states
[   16.207063] ACPI: \_SB_.SCK0.C02E: Found 1 idle states
[   16.207284] ACPI: \_SB_.SCK0.C02F: Found 1 idle states
[   16.207511] ACPI: \_SB_.SCK1.C000: Found 1 idle states
[   16.207746] ACPI: \_SB_.SCK1.C001: Found 1 idle states
[   16.207981] ACPI: \_SB_.SCK1.C002: Found 1 idle states
[   16.208207] ACPI: \_SB_.SCK1.C003: Found 1 idle states
[   16.208430] ACPI: \_SB_.SCK1.C004: Found 1 idle states
[   16.208655] ACPI: \_SB_.SCK1.C005: Found 1 idle states
[   16.208879] ACPI: \_SB_.SCK1.C006: Found 1 idle states
[   16.209104] ACPI: \_SB_.SCK1.C007: Found 1 idle states
[   16.209328] ACPI: \_SB_.SCK1.C008: Found 1 idle states
[   16.209555] ACPI: \_SB_.SCK1.C009: Found 1 idle states
[   16.209780] ACPI: \_SB_.SCK1.C00A: Found 1 idle states
[   16.210004] ACPI: \_SB_.SCK1.C00B: Found 1 idle states
[   16.210230] ACPI: \_SB_.SCK1.C00C: Found 1 idle states
[   16.210462] ACPI: \_SB_.SCK1.C00D: Found 1 idle states
[   16.210686] ACPI: \_SB_.SCK1.C00E: Found 1 idle states
[   16.210912] ACPI: \_SB_.SCK1.C00F: Found 1 idle states
[   16.211138] ACPI: \_SB_.SCK1.C010: Found 1 idle states
[   16.211367] ACPI: \_SB_.SCK1.C011: Found 1 idle states
[   16.211592] ACPI: \_SB_.SCK1.C012: Found 1 idle states
[   16.211825] ACPI: \_SB_.SCK1.C013: Found 1 idle states
[   16.212051] ACPI: \_SB_.SCK1.C014: Found 1 idle states
[   16.212277] ACPI: \_SB_.SCK1.C015: Found 1 idle states
[   16.212501] ACPI: \_SB_.SCK1.C016: Found 1 idle states
[   16.212728] ACPI: \_SB_.SCK1.C017: Found 1 idle states
[   16.212960] ACPI: \_SB_.SCK1.C018: Found 1 idle states
[   16.213186] ACPI: \_SB_.SCK1.C019: Found 1 idle states
[   16.213410] ACPI: \_SB_.SCK1.C01A: Found 1 idle states
[   16.213636] ACPI: \_SB_.SCK1.C01B: Found 1 idle states
[   16.213862] ACPI: \_SB_.SCK1.C01C: Found 1 idle states
[   16.214087] ACPI: \_SB_.SCK1.C01D: Found 1 idle states
[   16.214317] ACPI: \_SB_.SCK1.C01E: Found 1 idle states
[   16.214548] ACPI: \_SB_.SCK1.C01F: Found 1 idle states
[   16.214774] ACPI: \_SB_.SCK1.C020: Found 1 idle states
[   16.214999] ACPI: \_SB_.SCK1.C021: Found 1 idle states
[   16.215232] ACPI: \_SB_.SCK1.C022: Found 1 idle states
[   16.215459] ACPI: \_SB_.SCK1.C023: Found 1 idle states
[   16.215683] ACPI: \_SB_.SCK1.C024: Found 1 idle states
[   16.215945] ACPI: \_SB_.SCK1.C025: Found 1 idle states
[   16.216177] ACPI: \_SB_.SCK1.C026: Found 1 idle states
[   16.216406] ACPI: \_SB_.SCK1.C027: Found 1 idle states
[   16.216632] ACPI: \_SB_.SCK1.C028: Found 1 idle states
[   16.216857] ACPI: \_SB_.SCK1.C029: Found 1 idle states
[   16.217085] ACPI: \_SB_.SCK1.C02A: Found 1 idle states
[   16.217313] ACPI: \_SB_.SCK1.C02B: Found 1 idle states
[   16.217540] ACPI: \_SB_.SCK1.C02C: Found 1 idle states
[   16.217776] ACPI: \_SB_.SCK1.C02D: Found 1 idle states
[   16.218001] ACPI: \_SB_.SCK1.C02E: Found 1 idle states
[   16.218226] ACPI: \_SB_.SCK1.C02F: Found 1 idle states
[   16.218451] ACPI: \_SB_.SCK0.C030: Found 1 idle states
[   16.218671] ACPI: \_SB_.SCK0.C031: Found 1 idle states
[   16.218899] ACPI: \_SB_.SCK0.C032: Found 1 idle states
[   16.219124] ACPI: \_SB_.SCK0.C033: Found 1 idle states
[   16.219346] ACPI: \_SB_.SCK0.C034: Found 1 idle states
[   16.219567] ACPI: \_SB_.SCK0.C035: Found 1 idle states
[   16.219799] ACPI: \_SB_.SCK0.C036: Found 1 idle states
[   16.220021] ACPI: \_SB_.SCK0.C037: Found 1 idle states
[   16.220249] ACPI: \_SB_.SCK0.C038: Found 1 idle states
[   16.220471] ACPI: \_SB_.SCK0.C039: Found 1 idle states
[   16.220693] ACPI: \_SB_.SCK0.C03A: Found 1 idle states
[   16.220916] ACPI: \_SB_.SCK0.C03B: Found 1 idle states
[   16.221138] ACPI: \_SB_.SCK0.C03C: Found 1 idle states
[   16.221359] ACPI: \_SB_.SCK0.C03D: Found 1 idle states
[   16.221582] ACPI: \_SB_.SCK0.C03E: Found 1 idle states
[   16.221804] ACPI: \_SB_.SCK0.C03F: Found 1 idle states
[   16.222026] ACPI: \_SB_.SCK0.C040: Found 1 idle states
[   16.222247] ACPI: \_SB_.SCK0.C041: Found 1 idle states
[   16.222476] ACPI: \_SB_.SCK0.C042: Found 1 idle states
[   16.222699] ACPI: \_SB_.SCK0.C043: Found 1 idle states
[   16.222922] ACPI: \_SB_.SCK0.C044: Found 1 idle states
[   16.223145] ACPI: \_SB_.SCK0.C045: Found 1 idle states
[   16.223366] ACPI: \_SB_.SCK0.C046: Found 1 idle states
[   16.223589] ACPI: \_SB_.SCK0.C047: Found 1 idle states
[   16.223836] ACPI: \_SB_.SCK0.C048: Found 1 idle states
[   16.224072] ACPI: \_SB_.SCK0.C049: Found 1 idle states
[   16.224294] ACPI: \_SB_.SCK0.C04A: Found 1 idle states
[   16.224515] ACPI: \_SB_.SCK0.C04B: Found 1 idle states
[   16.224738] ACPI: \_SB_.SCK0.C04C: Found 1 idle states
[   16.224967] ACPI: \_SB_.SCK0.C04D: Found 1 idle states
[   16.225190] ACPI: \_SB_.SCK0.C04E: Found 1 idle states
[   16.225412] ACPI: \_SB_.SCK0.C04F: Found 1 idle states
[   16.225633] ACPI: \_SB_.SCK0.C050: Found 1 idle states
[   16.225856] ACPI: \_SB_.SCK0.C051: Found 1 idle states
[   16.226078] ACPI: \_SB_.SCK0.C052: Found 1 idle states
[   16.226299] ACPI: \_SB_.SCK0.C053: Found 1 idle states
[   16.226520] ACPI: \_SB_.SCK0.C054: Found 1 idle states
[   16.226743] ACPI: \_SB_.SCK0.C055: Found 1 idle states
[   16.226966] ACPI: \_SB_.SCK0.C056: Found 1 idle states
[   16.227187] ACPI: \_SB_.SCK0.C057: Found 1 idle states
[   16.227415] ACPI: \_SB_.SCK0.C058: Found 1 idle states
[   16.227637] ACPI: \_SB_.SCK0.C059: Found 1 idle states
[   16.227873] ACPI: \_SB_.SCK0.C05A: Found 1 idle states
[   16.228096] ACPI: \_SB_.SCK0.C05B: Found 1 idle states
[   16.228319] ACPI: \_SB_.SCK0.C05C: Found 1 idle states
[   16.228541] ACPI: \_SB_.SCK0.C05D: Found 1 idle states
[   16.228766] ACPI: \_SB_.SCK0.C05E: Found 1 idle states
[   16.228989] ACPI: \_SB_.SCK0.C05F: Found 1 idle states
[   16.229216] ACPI: \_SB_.SCK1.C030: Found 1 idle states
[   16.229441] ACPI: \_SB_.SCK1.C031: Found 1 idle states
[   16.229672] ACPI: \_SB_.SCK1.C032: Found 1 idle states
[   16.229901] ACPI: \_SB_.SCK1.C033: Found 1 idle states
[   16.230129] ACPI: \_SB_.SCK1.C034: Found 1 idle states
[   16.230356] ACPI: \_SB_.SCK1.C035: Found 1 idle states
[   16.230584] ACPI: \_SB_.SCK1.C036: Found 1 idle states
[   16.230809] ACPI: \_SB_.SCK1.C037: Found 1 idle states
[   16.231034] ACPI: \_SB_.SCK1.C038: Found 1 idle states
[   16.231261] ACPI: \_SB_.SCK1.C039: Found 1 idle states
[   16.231495] ACPI: \_SB_.SCK1.C03A: Found 1 idle states
[   16.231724] ACPI: \_SB_.SCK1.C03B: Found 1 idle states
[   16.232012] ACPI: \_SB_.SCK1.C03C: Found 1 idle states
[   16.232264] ACPI: \_SB_.SCK1.C03D: Found 1 idle states
[   16.232491] ACPI: \_SB_.SCK1.C03E: Found 1 idle states
[   16.232716] ACPI: \_SB_.SCK1.C03F: Found 1 idle states
[   16.232942] ACPI: \_SB_.SCK1.C040: Found 1 idle states
[   16.233167] ACPI: \_SB_.SCK1.C041: Found 1 idle states
[   16.233392] ACPI: \_SB_.SCK1.C042: Found 1 idle states
[   16.233620] ACPI: \_SB_.SCK1.C043: Found 1 idle states
[   16.233845] ACPI: \_SB_.SCK1.C044: Found 1 idle states
[   16.234072] ACPI: \_SB_.SCK1.C045: Found 1 idle states
[   16.234296] ACPI: \_SB_.SCK1.C046: Found 1 idle states
[   16.234522] ACPI: \_SB_.SCK1.C047: Found 1 idle states
[   16.234752] ACPI: \_SB_.SCK1.C048: Found 1 idle states
[   16.234978] ACPI: \_SB_.SCK1.C049: Found 1 idle states
[   16.235202] ACPI: \_SB_.SCK1.C04A: Found 1 idle states
[   16.235429] ACPI: \_SB_.SCK1.C04B: Found 1 idle states
[   16.235655] ACPI: \_SB_.SCK1.C04C: Found 1 idle states
[   16.235893] ACPI: \_SB_.SCK1.C04D: Found 1 idle states
[   16.236118] ACPI: \_SB_.SCK1.C04E: Found 1 idle states
[   16.236343] ACPI: \_SB_.SCK1.C04F: Found 1 idle states
[   16.236573] ACPI: \_SB_.SCK1.C050: Found 1 idle states
[   16.236801] ACPI: \_SB_.SCK1.C051: Found 1 idle states
[   16.237031] ACPI: \_SB_.SCK1.C052: Found 1 idle states
[   16.237256] ACPI: \_SB_.SCK1.C053: Found 1 idle states
[   16.237481] ACPI: \_SB_.SCK1.C054: Found 1 idle states
[   16.237706] ACPI: \_SB_.SCK1.C055: Found 1 idle states
[   16.237933] ACPI: \_SB_.SCK1.C056: Found 1 idle states
[   16.238160] ACPI: \_SB_.SCK1.C057: Found 1 idle states
[   16.238389] ACPI: \_SB_.SCK1.C058: Found 1 idle states
[   16.238615] ACPI: \_SB_.SCK1.C059: Found 1 idle states
[   16.238841] ACPI: \_SB_.SCK1.C05A: Found 1 idle states
[   16.239067] ACPI: \_SB_.SCK1.C05B: Found 1 idle states
[   16.239293] ACPI: \_SB_.SCK1.C05C: Found 1 idle states
[   16.239529] ACPI: \_SB_.SCK1.C05D: Found 1 idle states
[   16.239766] ACPI: \_SB_.SCK1.C05E: Found 1 idle states
[   16.240018] ACPI: \_SB_.SCK1.C05F: Found 1 idle states
[   16.240795] acpi/hmat: HMAT: Memory Flags:0001 Processor Domain:0 Memory Domain:0
[   16.240799] acpi/hmat: HMAT: Memory Flags:0001 Processor Domain:1 Memory Domain:1
[   16.240802] acpi/hmat: HMAT: Locality: Flags:00 Type:Read Latency Initiator Domains:2 Target Domains:2 Base:100
[   16.240806] acpi/hmat:   Initiator-Target[0-0]:91 nsec
[   16.240809] acpi/hmat:   Initiator-Target[0-1]:167 nsec
[   16.240811] acpi/hmat:   Initiator-Target[1-0]:167 nsec
[   16.240813] acpi/hmat:   Initiator-Target[1-1]:91 nsec
[   16.240815] acpi/hmat: HMAT: Locality: Flags:00 Type:Write Latency Initiator Domains:2 Target Domains:2 Base:100
[   16.240818] acpi/hmat:   Initiator-Target[0-0]:91 nsec
[   16.240819] acpi/hmat:   Initiator-Target[0-1]:167 nsec
[   16.240821] acpi/hmat:   Initiator-Target[1-0]:167 nsec
[   16.240822] acpi/hmat:   Initiator-Target[1-1]:91 nsec
[   16.240824] acpi/hmat: HMAT: Locality: Flags:00 Type:Read Bandwidth Initiator Domains:2 Target Domains:2 Base:100
[   16.240826] acpi/hmat:   Initiator-Target[0-0]:262100 MB/s
[   16.240828] acpi/hmat:   Initiator-Target[0-1]:122900 MB/s
[   16.240829] acpi/hmat:   Initiator-Target[1-0]:122900 MB/s
[   16.240831] acpi/hmat:   Initiator-Target[1-1]:262100 MB/s
[   16.240832] acpi/hmat: HMAT: Locality: Flags:00 Type:Write Bandwidth Initiator Domains:2 Target Domains:2 Base:100
[   16.240835] acpi/hmat:   Initiator-Target[0-0]:176100 MB/s
[   16.240836] acpi/hmat:   Initiator-Target[0-1]:98300 MB/s
[   16.240838] acpi/hmat:   Initiator-Target[1-0]:98300 MB/s
[   16.240839] acpi/hmat:   Initiator-Target[1-1]:176100 MB/s
[   16.241309] ERST: Error Record Serialization Table (ERST) support is initialized.
[   16.241319] pstore: Registered erst as persistent store backend
[   16.241548] Serial: 8250/16550 driver, 32 ports, IRQ sharing enabled
[   16.268244] 00:03: ttyS0 at I/O 0x3f8 (irq = 4, base_baud = 115200) is a 16550A
[   16.308221] 00:07: ttyS4 at MMIO 0xfe03e000 (irq = 16, base_baud = 115200) is a U6_16550A
[   16.329666] Linux agpgart interface v0.103
[   16.353598] loop: module loaded
[   16.353985] tun: Universal TUN/TAP device driver, 1.6
[   16.354021] PPP generic driver version 2.4.2
[   16.354061] VFIO - User Level meta-driver version: 0.3
[   16.354156] ehci_hcd: USB 2.0 'Enhanced' Host Controller (EHCI) Driver
[   16.354159] ehci-pci: EHCI PCI platform driver
[   16.354198] ehci-platform: EHCI generic platform driver
[   16.354206] ohci_hcd: USB 1.1 'Open' Host Controller (OHCI) Driver
[   16.354209] ohci-pci: OHCI PCI platform driver
[   16.354247] ohci-platform: OHCI generic platform driver
[   16.354254] uhci_hcd: USB Universal Host Controller Interface driver
[   16.354325] i8042: PNP: No PS/2 controller found.
[   16.354363] mousedev: PS/2 mouse device common for all mice
[   16.354438] rtc_cmos 00:00: RTC can wake from S4
[   16.354869] rtc_cmos 00:00: registered as rtc0
[   16.354998] rtc_cmos 00:00: setting system clock to 2026-07-22T09:58:50 UTC (1784714330)
[   16.355043] rtc_cmos 00:00: alarms up to one month, y3k, 114 bytes nvram
[   16.355051] i2c_dev: i2c /dev entries driver
[   16.357531] device-mapper: core: CONFIG_IMA_DISABLE_HTABLE is disabled. Duplicate IMA measurements will not be recorded in the IMA log.
[   16.357567] device-mapper: uevent: version 1.0.3
[   16.357621] device-mapper: ioctl: 4.45.0-ioctl (2021-03-22) initialised: dm-devel@redhat.com
[   16.357636] platform eisa.0: Probing EISA bus 0
[   16.357639] platform eisa.0: EISA: Cannot allocate resource for mainboard
[   16.357642] platform eisa.0: Cannot allocate resource for EISA slot 1
[   16.357644] platform eisa.0: Cannot allocate resource for EISA slot 2
[   16.357646] platform eisa.0: Cannot allocate resource for EISA slot 3
[   16.357648] platform eisa.0: Cannot allocate resource for EISA slot 4
[   16.357650] platform eisa.0: Cannot allocate resource for EISA slot 5
[   16.357652] platform eisa.0: Cannot allocate resource for EISA slot 6
[   16.357654] platform eisa.0: Cannot allocate resource for EISA slot 7
[   16.357656] platform eisa.0: Cannot allocate resource for EISA slot 8
[   16.357658] platform eisa.0: EISA: Detected 0 cards
[   16.357662] intel_pstate: Intel P-state driver initializing
[   16.405159] intel_pstate: HWP enabled
[   16.408754] ledtrig-cpu: registered to indicate activity on CPUs
[   16.408804] efifb: probing for efifb
[   16.408854] efifb: framebuffer at 0x94000000, using 3072k, total 3072k
[   16.408861] efifb: mode is 1024x768x32, linelength=4096, pages=1
[   16.408867] efifb: scrolling: redraw
[   16.408870] efifb: Truecolor: size=8:8:8:8, shift=24:16:8:0
[   16.409038] Console: switching to colour frame buffer device 128x48
[   16.417455] fb0: EFI VGA frame buffer device
[   16.417532] EFI Variables Facility v0.08 2004-May-17
[   16.425643] drop_monitor: Initializing network drop monitor service
[   16.426142] NET: Registered PF_INET6 protocol family
[   16.785133] Freeing initrd memory: 106976K
[   16.797233] Segment Routing with IPv6
[   16.797292] In-situ OAM (IOAM) with IPv6
[   16.797392] NET: Registered PF_PACKET protocol family
[   16.797542] Key type dns_resolver registered
[   16.852463] microcode: sig=0xc06f2, pf=0x1, revision=0x210002d3
[   16.854307] microcode: Microcode Update Driver: v2.2.
[   16.859909] resctrl: L3 allocation detected
[   16.860047] resctrl: L2 allocation detected
[   16.860117] resctrl: MB allocation detected
[   16.860184] resctrl: L3 monitoring detected
[   16.860261] IPI shorthand broadcast: enabled
[   16.860359] sched_clock: Marking stable (16856171402, 3715701)->(18184476794, -1324589691)
[   16.872367] registered taskstats version 1
[   16.878809] Loading compiled-in X.509 certificates
[   16.880501] Loaded X.509 cert 'Build time autogenerated kernel key: ce5757b48788bd11479e35b6b0f7215086e87bd9'
[   16.882069] Loaded X.509 cert 'Canonical Ltd. Live Patch Signing: 14df34d1a87cf37625abec039ef2bf521249b969'
[   16.883591] Loaded X.509 cert 'Canonical Ltd. Kernel Module Signing: 88f752e560a1e0737e31163a466ad7b70a850c19'
[   16.883742] blacklist: Loading compiled-in revocation X.509 certificates
[   16.886921] Loaded X.509 cert 'Canonical Ltd. Secure Boot Signing: 61482aa2830d0ab2ad5af10b7250da9033ddcef0'
[   16.890073] Loaded X.509 cert 'Canonical Ltd. Secure Boot Signing (2017): 242ade75ac4a15e50d50c84b0d45ff3eae707a03'
[   16.893218] Loaded X.509 cert 'Canonical Ltd. Secure Boot Signing (ESM 2018): 365188c1d374d6b07c3c8f240f8ef722433d6a8b'
[   16.896378] Loaded X.509 cert 'Canonical Ltd. Secure Boot Signing (2019): c0746fd6c5da3ae827864651ad66ae47fe24b3e8'
[   16.899517] Loaded X.509 cert 'Canonical Ltd. Secure Boot Signing (2021 v1): a8d54bbb3825cfb94fa13c9f8a594a195c107b8d'
[   16.902685] Loaded X.509 cert 'Canonical Ltd. Secure Boot Signing (2021 v2): 4cf046892d6fd3c9a5b03f98d845f90851dc6a8c'
[   16.905845] Loaded X.509 cert 'Canonical Ltd. Secure Boot Signing (2021 v3): 100437bb6de6e469b581e61cd66bce3ef4ed53af'
[   16.909024] Loaded X.509 cert 'Canonical Ltd. Secure Boot Signing (Ubuntu Core 2019): c1d57b8f6b743f23ee41f4f7ee292f06eecadfb9'
[   16.927248] zswap: loaded using pool lzo/zbud
[   16.954616] Key type .fscrypt registered
[   16.957973] Key type fscrypt-provisioning registered
[   16.961706] pstore: Using crash dump compression: deflate
[   16.971086] Key type encrypted registered
[   16.974596] AppArmor: AppArmor sha1 policy hashing enabled
[   16.978446] integrity: Loading X.509 certificate: UEFI:MokListRT (MOKvar table)
[   16.982765] integrity: Loaded X.509 cert 'Canonical Ltd. Master Certificate Authority: ad91990bc22ab1f517048c23b6655a268e345a63'
[   16.990174] ima: No TPM chip found, activating TPM-bypass!
[   16.993915] Loading compiled-in module X.509 certificates
[   16.999058] Loaded X.509 cert 'Build time autogenerated kernel key: ce5757b48788bd11479e35b6b0f7215086e87bd9'
[   17.002963] ima: Allocated hash algorithm: sha1
[   17.006856] ima: No architecture policies found
[   17.010738] evm: Initialising EVM extended attributes:
[   17.014582] evm: security.selinux
[   17.018379] evm: security.SMACK64
[   17.022187] evm: security.SMACK64EXEC
[   17.025917] evm: security.SMACK64TRANSMUTE
[   17.029592] evm: security.SMACK64MMAP
[   17.033202] evm: security.apparmor
[   17.036821] evm: security.ima
[   17.040356] evm: security.capability
[   17.043883] evm: HMAC attrs: 0x1
[   17.048044] PM:   Magic number: 2:57:981
[   17.051656] clockevents clockevent58: hash matches
[   17.055324] acpi device:423: hash matches
[   17.058930] memory memory28: hash matches
[   17.062524] RAS: Correctable Errors collector initialized.
[   17.066107] clk: Disabling unused clocks
[   17.074138] Freeing unused decrypted memory: 2036K
[   17.078511] Freeing unused kernel image (initmem) memory: 3368K
[   17.082074] Write protecting the kernel read-only data: 30720k
[   17.086233] Freeing unused kernel image (text/rodata gap) memory: 2036K
[   17.090162] Freeing unused kernel image (rodata/data gap) memory: 1328K
[   17.103922] x86/mm: Checked W+X mappings: passed, no W+X pages found.
[   17.107351] Run /init as init process
[   17.110749]   with arguments:
[   17.110750]     /init
[   17.110750]   with environment:
[   17.110751]     HOME=/
[   17.110751]     TERM=linux
[   17.110752]     BOOT_IMAGE=/boot/vmlinuz-5.15.0-119-generic
[   17.668202] ismt_smbus 0000:00:15.0: enabling device (0000 -> 0002)
[   17.673274] xhci_hcd 0000:00:14.0: xHCI Host Controller
[   17.676572] xhci_hcd 0000:00:14.0: new USB bus registered, assigned bus number 1
[   17.681099] xhci_hcd 0000:00:14.0: hcc params 0x20007fc1 hci version 0x120 quirks 0x0000000200009810
[   17.685331] i801_smbus 0000:00:1f.4: enabling device (0140 -> 0143)
[   17.689075] i801_smbus 0000:00:1f.4: SPD Write Disable is set
[   17.692524] i801_smbus 0000:00:1f.4: SMBus using PCI interrupt
[   17.704141] mpt3sas version 40.100.00.00 loaded
[   17.707867] xhci_hcd 0000:00:14.0: xHCI Host Controller
[   17.711055] xhci_hcd 0000:00:14.0: new USB bus registered, assigned bus number 2
[   17.714301] xhci_hcd 0000:00:14.0: Host supports USB 3.1 Enhanced SuperSpeed
[   17.717607] usb usb1: New USB device found, idVendor=1d6b, idProduct=0002, bcdDevice= 5.15
[   17.720947] usb usb1: New USB device strings: Mfr=3, Product=2, SerialNumber=1
[   17.724285] usb usb1: Product: xHCI Host Controller
[   17.727580] usb usb1: Manufacturer: Linux 5.15.0-119-generic xhci-hcd
[   17.730875] usb usb1: SerialNumber: 0000:00:14.0
[   17.751946] vmd 0000:48:00.5: PCI host bridge to bus 10000:80
[   17.755112] pci_bus 10000:80: root bus resource [mem 0xb8000000-0xbbffffff]
[   17.758317] pci_bus 10000:80: root bus resource [bus 80-9f]
[   17.761395] pci_bus 10000:80: root bus resource [mem 0x1cffffe02010-0x1cffffffffff 64bit]
[   17.767491] cryptd: max_cpu_qlen set to 1000
[   17.770648] i2c i2c-1: 32/32 memory slots populated (from DMI)
[   17.773668] i2c i2c-1: Systems with more than 4 memory slots not supported yet, not instantiating SPD
[   17.776922] pci 10000:80:01.0: [8086:352a] type 01 class 0x060400
[   17.780110] pci 10000:80:01.0: reg 0x10: [mem 0x00000000-0x0001ffff 64bit]
[   17.783279] pci 10000:80:01.0: enabling Extended Tags
[   17.786476] pci 10000:80:01.0: enable ASPM for pci bridge behind vmd
[   17.789879] pci 10000:80:01.0: PME# supported from D0 D3hot D3cold
[   17.793271] pci 10000:80:01.0: PTM enabled (root), 2ns granularity
[   17.796990] hub 1-0:1.0: USB hub found
[   17.800388] hub 1-0:1.0: 16 ports detected
[   17.805691] usb usb2: New USB device found, idVendor=1d6b, idProduct=0003, bcdDevice= 5.15
[   17.809171] usb usb2: New USB device strings: Mfr=3, Product=2, SerialNumber=1
[   17.812720] usb usb2: Product: xHCI Host Controller
[   17.816252] usb usb2: Manufacturer: Linux 5.15.0-119-generic xhci-hcd
[   17.819786] usb usb2: SerialNumber: 0000:00:14.0
[   17.823386] ahci 0000:00:17.0: version 3.0
[   17.823878] ahci 0000:00:17.0: AHCI 0001.0301 32 slots 5 ports 6 Gbps 0x1f impl SATA mode
[   17.827486] ahci 0000:00:17.0: flags: 64bit ncq sntf clo only pio slum part ems deso sadm sds 
[   17.831257] AVX2 version of gcm_enc/dec engaged.
[   17.831383] pci 10000:80:03.0: [8086:352b] type 01 class 0x060400
[   17.838586] pci 10000:80:03.0: reg 0x10: [mem 0x00000000-0x0001ffff 64bit]
[   17.842269] pci 10000:80:03.0: enabling Extended Tags
[   17.845899] pci 10000:80:03.0: enable ASPM for pci bridge behind vmd
[   17.849771] pci 10000:80:03.0: PME# supported from D0 D3hot D3cold
[   17.853487] pci 10000:80:03.0: PTM enabled (root), 2ns granularity
[   17.857114] AES CTR mode by8 optimization enabled
[   17.857152] hub 2-0:1.0: USB hub found
[   17.864491] hub 2-0:1.0: 10 ports detected
[   17.869623] pci 10000:80:05.0: [8086:352c] type 01 class 0x060400
[   17.873273] pci 10000:80:05.0: reg 0x10: [mem 0x00000000-0x0001ffff 64bit]
[   17.876855] pci 10000:80:05.0: enabling Extended Tags
[   17.880414] pci 10000:80:05.0: enable ASPM for pci bridge behind vmd
[   17.884075] pci 10000:80:05.0: PME# supported from D0 D3hot D3cold
[   17.887637] pci 10000:80:05.0: PTM enabled (root), 2ns granularity
[   17.891677] mpt3sas_cm0: 63 BIT PCI BUS DMA ADDRESSING SUPPORTED, total mem (792133388 kB)
[   17.896416] scsi host1: ahci
[   17.900399] scsi host2: ahci
[   17.904275] scsi host3: ahci
[   17.908172] scsi host4: ahci
[   17.911860] pci 10000:80:07.0: [8086:352d] type 01 class 0x060400
[   17.915279] pci 10000:80:07.0: reg 0x10: [mem 0x00000000-0x0001ffff 64bit]
[   17.918835] pci 10000:80:07.0: enabling Extended Tags
[   17.922141] pci 10000:80:07.0: enable ASPM for pci bridge behind vmd
[   17.925734] pci 10000:80:07.0: PME# supported from D0 D3hot D3cold
[   17.929261] pci 10000:80:07.0: PTM enabled (root), 2ns granularity
[   17.934454] scsi host5: ahci
[   17.938041] ata1: SATA max UDMA/133 abar m2048@0x9510b000 port 0x9510b100 irq 88
[   17.941445] ata2: SATA max UDMA/133 abar m2048@0x9510b000 port 0x9510b180 irq 88
[   17.944706] ata3: SATA max UDMA/133 abar m2048@0x9510b000 port 0x9510b200 irq 88
[   17.947905] ata4: SATA max UDMA/133 abar m2048@0x9510b000 port 0x9510b280 irq 88
[   17.951026] ata5: SATA max UDMA/133 abar m2048@0x9510b000 port 0x9510b300 irq 88
[   17.954230] pci 10000:81:00.0: [15b3:1021] type 00 class 0x020700
[   17.957430] pci 10000:81:00.0: reg 0x10: [mem 0x00000000-0x01ffffff 64bit pref]
[   17.960796] pci 10000:81:00.0: reg 0x30: [mem 0x00000000-0x000fffff pref]
[   17.964456] pci 10000:81:00.0: PME# supported from D3cold
[   17.967702] pci 10000:81:00.0: reg 0x1a4: [mem 0x00000000-0x001fffff 64bit pref]
[   17.970729] pci 10000:81:00.0: VF(n) BAR0 space: [mem 0x00000000-0x01ffffff 64bit pref] (contains BAR0 for 16 VFs)
[   17.975133] pci 10000:81:00.0: 63.012 Gb/s available PCIe bandwidth, limited by 16.0 GT/s PCIe x4 link at 10000:80:01.0 (capable of 504.112 Gb/s with 32.0 GT/s PCIe x16 link)
[   17.981747] pci 10000:80:01.0: PCI bridge to [bus 81]
[   17.984941] pci 10000:80:01.0:   bridge window [io  0x0000-0x3fff]
[   17.988192] pci 10000:80:03.0: PCI bridge to [bus 82]
[   17.991318] pci 10000:80:03.0:   bridge window [io  0x0000-0x3fff]
[   17.994548] pci 10000:80:05.0: PCI bridge to [bus 83]
[   17.997677] pci 10000:80:05.0:   bridge window [io  0x0000-0x3fff]
[   18.000801] pci 10000:80:07.0: PCI bridge to [bus 84]
[   18.003848] pci 10000:80:07.0:   bridge window [io  0x0000-0x3fff]
[   18.006956] pci 10000:80:01.0: bridge window [mem 0x02000000-0x03ffffff 64bit pref] to [bus 81] add_size 2000000 add_align 2000000
[   18.013194] pci 10000:80:01.0: bridge window [mem 0x00100000-0x001fffff] to [bus 81] add_size 100000 add_align 100000
[   18.016531] pci 10000:80:03.0: bridge window [mem 0x00100000-0x000fffff 64bit pref] to [bus 82] add_size 200000 add_align 100000
[   18.023272] pci 10000:80:03.0: bridge window [mem 0x00100000-0x000fffff] to [bus 82] add_size 200000 add_align 100000
[   18.026836] pci 10000:80:05.0: bridge window [mem 0x00100000-0x000fffff 64bit pref] to [bus 83] add_size 200000 add_align 100000
[   18.034007] pci 10000:80:05.0: bridge window [mem 0x00100000-0x000fffff] to [bus 83] add_size 200000 add_align 100000
[   18.037789] pci 10000:80:07.0: bridge window [mem 0x00100000-0x000fffff 64bit pref] to [bus 84] add_size 200000 add_align 100000
[   18.045345] pci 10000:80:07.0: bridge window [mem 0x00100000-0x000fffff] to [bus 84] add_size 200000 add_align 100000
[   18.049351] pci 10000:80:01.0: BAR 15: assigned [mem 0xb8000000-0xbbffffff 64bit pref]
[   18.053354] pci 10000:80:01.0: BAR 14: no space for [mem size 0x00200000]
[   18.057408] pci 10000:80:01.0: BAR 14: failed to assign [mem size 0x00200000]
[   18.061372] pci 10000:80:03.0: BAR 14: no space for [mem size 0x00200000]
[   18.065276] pci 10000:80:03.0: BAR 14: failed to assign [mem size 0x00200000]
[   18.069246] pci 10000:80:03.0: BAR 15: no space for [mem size 0x00200000 64bit pref]
[   18.073256] pci 10000:80:03.0: BAR 15: failed to assign [mem size 0x00200000 64bit pref]
[   18.077356] pci 10000:80:05.0: BAR 14: no space for [mem size 0x00200000]
[   18.081493] pci 10000:80:05.0: BAR 14: failed to assign [mem size 0x00200000]
[   18.085545] pci 10000:80:05.0: BAR 15: no space for [mem size 0x00200000 64bit pref]
[   18.089627] pci 10000:80:05.0: BAR 15: failed to assign [mem size 0x00200000 64bit pref]
[   18.093736] pci 10000:80:07.0: BAR 14: no space for [mem size 0x00200000]
[   18.097838] pci 10000:80:07.0: BAR 14: failed to assign [mem size 0x00200000]
[   18.101938] pci 10000:80:07.0: BAR 15: no space for [mem size 0x00200000 64bit pref]
[   18.106027] pci 10000:80:07.0: BAR 15: failed to assign [mem size 0x00200000 64bit pref]
[   18.110109] pci 10000:80:01.0: BAR 0: assigned [mem 0x1cffffe20000-0x1cffffe3ffff 64bit]
[   18.114273] pci 10000:80:03.0: BAR 0: assigned [mem 0x1cffffe40000-0x1cffffe5ffff 64bit]
[   18.118423] pci 10000:80:05.0: BAR 0: assigned [mem 0x1cffffe60000-0x1cffffe7ffff 64bit]
[   18.122576] pci 10000:80:07.0: BAR 0: assigned [mem 0x1cffffe80000-0x1cffffe9ffff 64bit]
[   18.126724] pci 10000:80:01.0: BAR 13: no space for [io  size 0x4000]
[   18.130819] pci 10000:80:01.0: BAR 13: failed to assign [io  size 0x4000]
[   18.134928] pci 10000:80:03.0: BAR 13: no space for [io  size 0x4000]
[   18.139058] pci 10000:80:03.0: BAR 13: failed to assign [io  size 0x4000]
[   18.143184] pci 10000:80:05.0: BAR 13: no space for [io  size 0x4000]
[   18.143779] usb 1-4: new high-speed USB device number 2 using xhci_hcd
[   18.147272] pci 10000:80:05.0: BAR 13: failed to assign [io  size 0x4000]
[   18.147276] pci 10000:80:07.0: BAR 13: no space for [io  size 0x4000]
[   18.159270] pci 10000:80:07.0: BAR 13: failed to assign [io  size 0x4000]
[   18.163160] pci 10000:80:01.0: BAR 15: assigned [mem 0xb8000000-0xb9ffffff 64bit pref]
[   18.167086] pci 10000:80:01.0: BAR 14: assigned [mem 0xba000000-0xba0fffff]
[   18.170974] pci 10000:80:01.0: BAR 0: assigned [mem 0x1cffffe20000-0x1cffffe3ffff 64bit]
[   18.174900] pci 10000:80:03.0: BAR 0: assigned [mem 0x1cffffe40000-0x1cffffe5ffff 64bit]
[   18.178815] pci 10000:80:05.0: BAR 0: assigned [mem 0x1cffffe60000-0x1cffffe7ffff 64bit]
[   18.182731] pci 10000:80:07.0: BAR 0: assigned [mem 0x1cffffe80000-0x1cffffe9ffff 64bit]
[   18.186514] pci 10000:80:01.0: BAR 13: no space for [io  size 0x4000]
[   18.190296] pci 10000:80:01.0: BAR 13: failed to assign [io  size 0x4000]
[   18.194009] pci 10000:80:03.0: BAR 13: no space for [io  size 0x4000]
[   18.197615] pci 10000:80:03.0: BAR 13: failed to assign [io  size 0x4000]
[   18.201132] pci 10000:80:05.0: BAR 13: no space for [io  size 0x4000]
[   18.204604] pci 10000:80:05.0: BAR 13: failed to assign [io  size 0x4000]
[   18.207981] pci 10000:80:07.0: BAR 13: no space for [io  size 0x4000]
[   18.211254] pci 10000:80:07.0: BAR 13: failed to assign [io  size 0x4000]
[   18.214502] pci 10000:80:07.0: BAR 14: assigned [mem 0xba100000-0xba2fffff]
[   18.217660] pci 10000:80:07.0: BAR 15: assigned [mem 0xba300000-0xba4fffff 64bit pref]
[   18.220707] pci 10000:80:05.0: BAR 14: assigned [mem 0xba500000-0xba6fffff]
[   18.223681] pci 10000:80:05.0: BAR 15: assigned [mem 0xba700000-0xba8fffff 64bit pref]
[   18.226547] pci 10000:80:03.0: BAR 14: assigned [mem 0xba900000-0xbaafffff]
[   18.229279] pci 10000:80:03.0: BAR 15: assigned [mem 0xbab00000-0xbacfffff 64bit pref]
[   18.231939] pci 10000:80:01.0: BAR 14: reassigned [mem 0xbad00000-0xbaefffff] (expanded by 0x100000)
[   18.234628] pci 10000:80:01.0: BAR 15: [mem 0xb8000000-0xb9ffffff 64bit pref] (failed to expand by 0x2000000)
[   18.237370] pci 10000:80:01.0: failed to add 2000000 res[15]=[mem 0xb8000000-0xb9ffffff 64bit pref]
[   18.240163] pci 10000:81:00.0: BAR 0: assigned [mem 0xb8000000-0xb9ffffff 64bit pref]
[   18.243108] pci 10000:81:00.0: BAR 7: no space for [mem size 0x02000000 64bit pref]
[   18.245910] pci 10000:81:00.0: BAR 7: failed to assign [mem size 0x02000000 64bit pref]
[   18.248742] mpt3sas_cm0: CurrentHostPageSize is 0: Setting default host page size to 4k
[   18.251641] mpt3sas_cm0: MSI-X vectors supported: 1
[   18.254458] 	 no of cores: 192, max_msix_vectors: -1
[   18.257277] mpt3sas_cm0:  0 1 1
[   18.260216] mpt3sas_cm0: High IOPs queues : disabled
[   18.262984] mpt3sas0-msix0: PCI-MSI-X enabled: IRQ 89
[   18.265759] mpt3sas_cm0: iomem(0x00001af814200000), mapped(0x00000000908a28eb), size(16384)
[   18.267180] ata4: SATA link down (SStatus 0 SControl 300)
[   18.268625] mpt3sas_cm0: ioport(0x0000000000000000), size(0)
[   18.269350] pci 10000:81:00.0: BAR 6: assigned [mem 0xbad00000-0xbadfffff pref]
[   18.272463] ata1: SATA link down (SStatus 0 SControl 300)
[   18.274334] pci 10000:81:00.0: BAR 0: assigned [mem 0xb8000000-0xb9ffffff 64bit pref]
[   18.278286] ata2: SATA link down (SStatus 0 SControl 300)
[   18.280389] pci 10000:81:00.0: BAR 6: assigned [mem 0xbad00000-0xbadfffff pref]
[   18.284413] ata3: SATA link down (SStatus 0 SControl 300)
[   18.286647] pci 10000:81:00.0: BAR 7: no space for [mem size 0x02000000 64bit pref]
[   18.290954] ata5: SATA link down (SStatus 0 SControl 300)
[   18.293086] pci 10000:81:00.0: BAR 7: failed to assign [mem size 0x02000000 64bit pref]
[   18.293088] pci 10000:80:01.0: PCI bridge to [bus 81]
[   18.293091] pci 10000:80:01.0:   bridge window [mem 0xbad00000-0xbaefffff]
[   18.305621] usb 1-4: New USB device found, idVendor=046b, idProduct=ff01, bcdDevice= 1.00
[   18.306665] pci 10000:80:01.0:   bridge window [mem 0xb8000000-0xb9ffffff 64bit pref]
[   18.310047] usb 1-4: New USB device strings: Mfr=3, Product=2, SerialNumber=1
[   18.313509] pci 10000:80:03.0: PCI bridge to [bus 82]
[   18.316979] usb 1-4: Product: Virtual Hub
[   18.320556] pci 10000:80:03.0:   bridge window [mem 0xba900000-0xbaafffff]
[   18.324092] usb 1-4: Manufacturer: American Megatrends Inc.
[   18.327657] pci 10000:80:03.0:   bridge window [mem 0xbab00000-0xbacfffff 64bit pref]
[   18.331342] usb 1-4: SerialNumber: serial
[   18.335083] pci 10000:80:05.0: PCI bridge to [bus 83]
[   18.346522] pci 10000:80:05.0:   bridge window [mem 0xba500000-0xba6fffff]
[   18.347486] hub 1-4:1.0: USB hub found
[   18.350381] pci 10000:80:05.0:   bridge window [mem 0xba700000-0xba8fffff 64bit pref]
[   18.350385] pci 10000:80:07.0: PCI bridge to [bus 84]
[   18.354547] hub 1-4:1.0: 7 ports detected
[   18.358148] pci 10000:80:07.0:   bridge window [mem 0xba100000-0xba2fffff]
[   18.358151] pci 10000:80:07.0:   bridge window [mem 0xba300000-0xba4fffff 64bit pref]
[   18.374464] ahci 0000:00:18.0: AHCI 0001.0301 32 slots 6 ports 6 Gbps 0xfc impl SATA mode
[   18.378507] ahci 0000:00:18.0: flags: 64bit ncq sntf clo only pio slum part ems deso sadm sds 
[   18.382712] Console: switching to colour dummy device 80x25
[   18.382993] ast 0000:02:00.0: [drm] P2A bridge disabled, using default configuration
[   18.382996] ast 0000:02:00.0: [drm] AST 2600 detected
[   18.383014] ast 0000:02:00.0: [drm] Analog VGA only
[   18.383016] ast 0000:02:00.0: [drm] dram MCLK=396 Mhz type=1 bus_width=16
[   18.383293] [drm] Initialized ast 0.1.0 20120228 for 0000:02:00.0 on minor 0
[   18.387880] fbcon: astdrmfb (fb0) is primary device
[   18.397868] Console: switching to colour frame buffer device 128x48
[   18.398307] ast 0000:02:00.0: [drm] fb0: astdrmfb frame buffer device
[   18.398332] pcieport 10000:80:01.0: can't derive routing for PCI INT A
[   18.398339] pcieport 10000:80:01.0: PCI INT A: no GSI
[   18.398417] pcieport 10000:80:01.0: PME: Signaling with IRQ 91
[   18.398477] pcieport 10000:80:01.0: pciehp: Slot #24 AttnBtn- PwrCtrl- MRL- AttnInd- PwrInd- HotPlug+ Surprise+ Interlock- NoCompl- IbPresDis- LLActRep+ (with Cmd Compl erratum)
[   18.398766] nouveau 0000:29:00.0: unknown chipset (1b2000a1)
[   18.407272] nouveau 0000:2a:00.0: unknown chipset (1b2000a1)
[   18.407534] nouveau 0000:3a:00.0: unknown chipset (1b2000a1)
[   18.407850] nouveau 0000:3b:00.0: unknown chipset (1b2000a1)
[   18.408121] pcieport 10000:80:03.0: can't derive routing for PCI INT A
[   18.408128] pcieport 10000:80:03.0: PCI INT A: no GSI
[   18.408197] pcieport 10000:80:03.0: PME: Signaling with IRQ 92
[   18.408221] pcieport 10000:80:03.0: pciehp: Slot #25 AttnBtn- PwrCtrl- MRL- AttnInd- PwrInd- HotPlug+ Surprise+ Interlock- NoCompl- IbPresDis- LLActRep+ (with Cmd Compl erratum)
[   18.408241] nouveau 0000:aa:00.0: unknown chipset (1b2000a1)
[   18.408492] nouveau 0000:ab:00.0: unknown chipset (1b2000a1)
[   18.408718] nouveau 0000:ba:00.0: unknown chipset (1b2000a1)
[   18.408987] nouveau 0000:bc:00.0: unknown chipset (1b2000a1)
[   18.409762] pcieport 10000:80:05.0: can't derive routing for PCI INT A
[   18.409772] pcieport 10000:80:05.0: PCI INT A: no GSI
[   18.409837] pcieport 10000:80:05.0: PME: Signaling with IRQ 93
[   18.410047] pcieport 10000:80:05.0: pciehp: Slot #26 AttnBtn- PwrCtrl- MRL- AttnInd- PwrInd- HotPlug+ Surprise+ Interlock- NoCompl- IbPresDis- LLActRep+ (with Cmd Compl erratum)
[   18.418818] pcieport 10000:80:07.0: can't derive routing for PCI INT A
[   18.419005] pcieport 10000:80:07.0: PCI INT A: no GSI
[   18.419242] pcieport 10000:80:07.0: PME: Signaling with IRQ 94
[   18.419445] pcieport 10000:80:07.0: pciehp: Slot #27 AttnBtn- PwrCtrl- MRL- AttnInd- PwrInd- HotPlug+ Surprise+ Interlock- NoCompl- IbPresDis- LLActRep+ (with Cmd Compl erratum)
[   18.428106] usb 2-8: new SuperSpeed USB device number 2 using xhci_hcd
[   18.433570] vmd 0000:48:00.5: Bound to PCI domain 10000
[   18.434038] vmd 0000:c7:00.5: PCI host bridge to bus 10001:00
[   18.434772] pci_bus 10001:00: root bus resource [mem 0xec000000-0xefffffff]
[   18.435475] pci_bus 10001:00: root bus resource [bus 00-1f]
[   18.436372] pci_bus 10001:00: root bus resource [mem 0x26ffffe02010-0x26ffffffffff 64bit]
[   18.437085] pci 10001:00:01.0: [8086:352a] type 01 class 0x060400
[   18.437790] pci 10001:00:01.0: reg 0x10: [mem 0x00000000-0x0001ffff 64bit]
[   18.438491] pci 10001:00:01.0: enabling Extended Tags
[   18.439187] pci 10001:00:01.0: enable ASPM for pci bridge behind vmd
[   18.439991] pci 10001:00:01.0: PME# supported from D0 D3hot D3cold
[   18.440711] pci 10001:00:01.0: PTM enabled (root), 2ns granularity
[   18.441519] pci 10001:00:03.0: [8086:352b] type 01 class 0x060400
[   18.442199] pci 10001:00:03.0: reg 0x10: [mem 0x00000000-0x0001ffff 64bit]
[   18.442879] pci 10001:00:03.0: enabling Extended Tags
[   18.443558] pci 10001:00:03.0: enable ASPM for pci bridge behind vmd
[   18.444488] pci 10001:00:03.0: PME# supported from D0 D3hot D3cold
[   18.445175] pci 10001:00:03.0: PTM enabled (root), 2ns granularity
[   18.445931] pci 10001:00:05.0: [8086:352c] type 01 class 0x060400
[   18.446586] pci 10001:00:05.0: reg 0x10: [mem 0x00000000-0x0001ffff 64bit]
[   18.447245] pci 10001:00:05.0: enabling Extended Tags
[   18.447978] pci 10001:00:05.0: enable ASPM for pci bridge behind vmd
[   18.448662] pci 10001:00:05.0: PME# supported from D0 D3hot D3cold
[   18.449333] pci 10001:00:05.0: PTM enabled (root), 2ns granularity
[   18.450046] pci 10001:00:07.0: [8086:352d] type 01 class 0x060400
[   18.450671] pci 10001:00:07.0: reg 0x10: [mem 0x00000000-0x0001ffff 64bit]
[   18.451305] pci 10001:00:07.0: enabling Extended Tags
[   18.452040] pci 10001:00:07.0: enable ASPM for pci bridge behind vmd
[   18.452712] pci 10001:00:07.0: PME# supported from D0 D3hot D3cold
[   18.453375] pci 10001:00:07.0: PTM enabled (root), 2ns granularity
[   18.454199] pci 10001:0a:00.0: [144d:a80a] type 00 class 0x010802
[   18.454851] pci 10001:0a:00.0: reg 0x10: [mem 0x00000000-0x00003fff 64bit]
[   18.455511] pci 10001:0a:00.0: reg 0x30: [mem 0x00000000-0x0000ffff pref]
[   18.456482] pci 10001:00:01.0: PCI bridge to [bus 0a]
[   18.457083] pci 10001:00:01.0:   bridge window [io  0x1000-0x3fff]
[   18.457761] pci 10001:0b:00.0: [144d:a80a] type 00 class 0x010802
[   18.458342] usb 2-8: New USB device found, idVendor=05e3, idProduct=0626, bcdDevice= 6.63
[   18.458395] pci 10001:0b:00.0: reg 0x10: [mem 0x00000000-0x00003fff 64bit]
[   18.459059] usb 2-8: New USB device strings: Mfr=1, Product=2, SerialNumber=0
[   18.459764] pci 10001:0b:00.0: reg 0x30: [mem 0x00000000-0x0000ffff pref]
[   18.460403] usb 2-8: Product: USB3.1 Hub
[   18.461256] pci 10001:00:03.0: PCI bridge to [bus 0b]
[   18.461747] usb 2-8: Manufacturer: GenesysLogic
[   18.462389] pci 10001:00:03.0:   bridge window [io  0x1000-0x3fff]
[   18.463682] pci 10001:0c:00.0: [1dc5:4081] type 00 class 0x010802
[   18.464503] pci 10001:0c:00.0: reg 0x10: [mem 0x00000000-0x00007fff 64bit]
[   18.465131] pci 10001:0c:00.0: PME# supported from D0 D3hot
[   18.465780] pci 10001:00:05.0: PCI bridge to [bus 0c]
[   18.466308] pci 10001:00:05.0:   bridge window [io  0x1000-0x3fff]
[   18.466893] pci 10001:0d:00.0: [1dc5:4081] type 00 class 0x010802
[   18.467436] pci 10001:0d:00.0: reg 0x10: [mem 0x00000000-0x00007fff 64bit]
[   18.467523] scsi host6: ahci
[   18.468143] pci 10001:0d:00.0: PME# supported from D0 D3hot
[   18.469053] pci 10001:00:07.0: PCI bridge to [bus 0d]
[   18.469578] pci 10001:00:07.0:   bridge window [io  0x1000-0x3fff]
[   18.469834] hub 2-8:1.0: USB hub found
[   18.470119] pci 10001:00:01.0: bridge window [mem 0x00100000-0x000fffff 64bit pref] to [bus 0a] add_size 200000 add_align 100000
[   18.471641] hub 2-8:1.0: 4 ports detected
[   18.471885] pci 10001:00:01.0: bridge window [mem 0x00100000-0x001fffff] to [bus 0a] add_size 100000 add_align 100000
[   18.473119] pci 10001:00:03.0: bridge window [mem 0x00100000-0x000fffff 64bit pref] to [bus 0b] add_size 200000 add_align 100000
[   18.474173] pci 10001:00:03.0: bridge window [mem 0x00100000-0x001fffff] to [bus 0b] add_size 100000 add_align 100000
[   18.474730] pci 10001:00:05.0: bridge window [mem 0x00100000-0x000fffff 64bit pref] to [bus 0c] add_size 200000 add_align 100000
[   18.475902] pci 10001:00:05.0: bridge window [mem 0x00100000-0x001fffff] to [bus 0c] add_size 100000 add_align 100000
[   18.476499] pci 10001:00:07.0: bridge window [mem 0x00100000-0x000fffff 64bit pref] to [bus 0d] add_size 200000 add_align 100000
[   18.477674] pci 10001:00:07.0: bridge window [mem 0x00100000-0x001fffff] to [bus 0d] add_size 100000 add_align 100000
[   18.478313] pci 10001:00:01.0: BAR 14: assigned [mem 0xec000000-0xec1fffff]
[   18.478947] pci 10001:00:01.0: BAR 15: assigned [mem 0xec200000-0xec3fffff 64bit pref]
[   18.479576] pci 10001:00:03.0: BAR 14: assigned [mem 0xec400000-0xec5fffff]
[   18.480422] pci 10001:00:03.0: BAR 15: assigned [mem 0xec600000-0xec7fffff 64bit pref]
[   18.481040] pci 10001:00:05.0: BAR 14: assigned [mem 0xec800000-0xec9fffff]
[   18.481651] pci 10001:00:05.0: BAR 15: assigned [mem 0xeca00000-0xecbfffff 64bit pref]
[   18.482260] pci 10001:00:07.0: BAR 14: assigned [mem 0xecc00000-0xecdfffff]
[   18.482867] pci 10001:00:07.0: BAR 15: assigned [mem 0xece00000-0xecffffff 64bit pref]
[   18.483460] pci 10001:00:01.0: BAR 0: assigned [mem 0x26ffffe20000-0x26ffffe3ffff 64bit]
[   18.484161] pci 10001:00:03.0: BAR 0: assigned [mem 0x26ffffe40000-0x26ffffe5ffff 64bit]
[   18.484720] pci 10001:00:05.0: BAR 0: assigned [mem 0x26ffffe60000-0x26ffffe7ffff 64bit]
[   18.485070] scsi host7: ahci
[   18.485279] pci 10001:00:07.0: BAR 0: assigned [mem 0x26ffffe80000-0x26ffffe9ffff 64bit]
[   18.486229] pci 10001:00:01.0: BAR 13: no space for [io  size 0x3000]
[   18.486795] pci 10001:00:01.0: BAR 13: failed to assign [io  size 0x3000]
[   18.487349] pci 10001:00:03.0: BAR 13: no space for [io  size 0x3000]
[   18.487977] pci 10001:00:03.0: BAR 13: failed to assign [io  size 0x3000]
[   18.488523] pci 10001:00:05.0: BAR 13: no space for [io  size 0x3000]
[   18.489064] pci 10001:00:05.0: BAR 13: failed to assign [io  size 0x3000]
[   18.489603] pci 10001:00:07.0: BAR 13: no space for [io  size 0x3000]
[   18.490133] pci 10001:00:07.0: BAR 13: failed to assign [io  size 0x3000]
[   18.490669] pci 10001:00:01.0: BAR 13: no space for [io  size 0x3000]
[   18.491199] pci 10001:00:01.0: BAR 13: failed to assign [io  size 0x3000]
[   18.491736] pci 10001:00:03.0: BAR 13: no space for [io  size 0x3000]
[   18.492266] pci 10001:00:03.0: BAR 13: failed to assign [io  size 0x3000]
[   18.492791] pci 10001:00:05.0: BAR 13: no space for [io  size 0x3000]
[   18.493314] pci 10001:00:05.0: BAR 13: failed to assign [io  size 0x3000]
[   18.493838] pci 10001:00:07.0: BAR 13: no space for [io  size 0x3000]
[   18.494320] pci 10001:00:07.0: BAR 13: failed to assign [io  size 0x3000]
[   18.494800] pci 10001:0a:00.0: BAR 6: assigned [mem 0xec000000-0xec00ffff pref]
[   18.495287] pci 10001:0a:00.0: BAR 0: assigned [mem 0xec010000-0xec013fff 64bit]
[   18.495808] pci 10001:00:01.0: PCI bridge to [bus 0a]
[   18.496285] pci 10001:00:01.0:   bridge window [mem 0xec000000-0xec1fffff]
[   18.496765] pci 10001:00:01.0:   bridge window [mem 0xec200000-0xec3fffff 64bit pref]
[   18.497246] pci 10001:0b:00.0: BAR 6: assigned [mem 0xec400000-0xec40ffff pref]
[   18.497709] pci 10001:0b:00.0: BAR 0: assigned [mem 0xec410000-0xec413fff 64bit]
[   18.498162] pci 10001:00:03.0: PCI bridge to [bus 0b]
[   18.498606] pci 10001:00:03.0:   bridge window [mem 0xec400000-0xec5fffff]
[   18.499043] pci 10001:00:03.0:   bridge window [mem 0xec600000-0xec7fffff 64bit pref]
[   18.499482] pci 10001:0c:00.0: BAR 0: assigned [mem 0xec800000-0xec807fff 64bit]
[   18.499987] pci 10001:00:05.0: PCI bridge to [bus 0c]
[   18.500395] pci 10001:00:05.0:   bridge window [mem 0xec800000-0xec9fffff]
[   18.500803] pci 10001:00:05.0:   bridge window [mem 0xeca00000-0xecbfffff 64bit pref]
[   18.501200] pci 10001:0d:00.0: BAR 0: assigned [mem 0xecc00000-0xecc07fff 64bit]
[   18.501588] pci 10001:00:07.0: PCI bridge to [bus 0d]
[   18.501965] pci 10001:00:07.0:   bridge window [mem 0xecc00000-0xecdfffff]
[   18.502321] scsi host8: ahci
[   18.502332] pci 10001:00:07.0:   bridge window [mem 0xece00000-0xecffffff 64bit pref]
[   18.503038] pcieport 10001:00:01.0: can't derive routing for PCI INT A
[   18.503412] pcieport 10001:00:01.0: PCI INT A: no GSI
[   18.503926] pcieport 10001:00:01.0: PME: Signaling with IRQ 95
[   18.504346] pcieport 10001:00:01.0: pciehp: Slot #28 AttnBtn- PwrCtrl- MRL- AttnInd- PwrInd- HotPlug+ Surprise+ Interlock- NoCompl- IbPresDis- LLActRep+ (with Cmd Compl erratum)
[   18.505270] pcieport 10001:00:03.0: can't derive routing for PCI INT A
[   18.505637] pcieport 10001:00:03.0: PCI INT A: no GSI
[   18.506074] pcieport 10001:00:03.0: PME: Signaling with IRQ 96
[   18.506473] pcieport 10001:00:03.0: pciehp: Slot #29 AttnBtn- PwrCtrl- MRL- AttnInd- PwrInd- HotPlug+ Surprise+ Interlock- NoCompl- IbPresDis- LLActRep+ (with Cmd Compl erratum)
[   18.507449] pcieport 10001:00:05.0: can't derive routing for PCI INT A
[   18.507906] pcieport 10001:00:05.0: PCI INT A: no GSI
[   18.508372] pcieport 10001:00:05.0: PME: Signaling with IRQ 97
[   18.508783] pcieport 10001:00:05.0: pciehp: Slot #30 AttnBtn- PwrCtrl- MRL- AttnInd- PwrInd- HotPlug+ Surprise+ Interlock- NoCompl- IbPresDis- LLActRep+ (with Cmd Compl erratum)
[   18.509746] pcieport 10001:00:07.0: can't derive routing for PCI INT A
[   18.510145] pcieport 10001:00:07.0: PCI INT A: no GSI
[   18.510610] pcieport 10001:00:07.0: PME: Signaling with IRQ 98
[   18.511045] pcieport 10001:00:07.0: pciehp: Slot #31 AttnBtn- PwrCtrl- MRL- AttnInd- PwrInd- HotPlug+ Surprise+ Interlock- NoCompl- IbPresDis- LLActRep+ (with Cmd Compl erratum)
[   18.512212] vmd 0000:c7:00.5: Bound to PCI domain 10001
[   18.519296] scsi host9: ahci
[   18.527974] scsi host10: ahci
[   18.530156] nvme nvme0: pci function 10001:0a:00.0
[   18.530883] pcieport 10001:00:01.0: can't derive routing for PCI INT A
[   18.531048] nvme nvme1: pci function 10001:0b:00.0
[   18.531622] nvme 10001:0a:00.0: PCI INT A: no GSI
[   18.532616] pcieport 10001:00:03.0: can't derive routing for PCI INT A
[   18.532788] nvme nvme2: pci function 10001:0c:00.0
[   18.532916] pcieport 10001:00:05.0: can't derive routing for PCI INT A
[   18.532924] nvme 10001:0c:00.0: PCI INT A: not connected
[   18.532938] nvme nvme3: pci function 10001:0d:00.0
[   18.533170] pcieport 10001:00:07.0: can't derive routing for PCI INT A
[   18.533173] nvme 10001:0d:00.0: PCI INT A: not connected
[   18.538452] nvme 10001:0b:00.0: PCI INT A: no GSI
[   18.544860] scsi host11: ahci
[   18.550329] nvme nvme2: Shutdown timeout set to 10 seconds
[   18.550487] nvme nvme3: Shutdown timeout set to 10 seconds
[   18.561786] scsi host12: ahci
[   18.570426] scsi host13: ahci
[   18.570717] ata6: DUMMY
[   18.570906] ata7: DUMMY
[   18.571105] ata8: SATA max UDMA/133 abar m2048@0x95109000 port 0x95109200 irq 90
[   18.571311] ata9: SATA max UDMA/133 abar m2048@0x95109000 port 0x95109280 irq 90
[   18.571499] ata10: SATA max UDMA/133 abar m2048@0x95109000 port 0x95109300 irq 90
[   18.571723] ata11: SATA max UDMA/133 abar m2048@0x95109000 port 0x95109380 irq 90
[   18.571909] ata12: SATA max UDMA/133 abar m2048@0x95109000 port 0x95109400 irq 90
[   18.572103] ata13: SATA max UDMA/133 abar m2048@0x95109000 port 0x95109480 irq 90
[   18.578572] nvme nvme2: 64/0/0 default/read/poll queues
[   18.579114] nvme nvme3: 64/0/0 default/read/poll queues
[   18.580927] ahci 0000:00:19.0: AHCI 0001.0301 32 slots 4 ports 6 Gbps 0xf impl SATA mode
[   18.581152] ahci 0000:00:19.0: flags: 64bit ncq sntf clo only pio slum part ems deso sadm sds 
[   18.583729] usb 1-7: new high-speed USB device number 3 using xhci_hcd
[   18.606729] mpt3sas_cm0: CurrentHostPageSize is 0: Setting default host page size to 4k
[   18.611574] nvme nvme0: Shutdown timeout set to 8 seconds
[   18.615819] nvme nvme1: Shutdown timeout set to 8 seconds
[   18.632982] scsi host14: ahci
[   18.641732] scsi host15: ahci
[   18.650422] scsi host16: ahci
[   18.659089] scsi host17: ahci
[   18.659373] ata14: SATA max UDMA/133 abar m2048@0x95107000 port 0x95107100 irq 231
[   18.659598] ata15: SATA max UDMA/133 abar m2048@0x95107000 port 0x95107180 irq 231
[   18.659873] ata16: SATA max UDMA/133 abar m2048@0x95107000 port 0x95107200 irq 231
[   18.660096] ata17: SATA max UDMA/133 abar m2048@0x95107000 port 0x95107280 irq 231
[   18.684747] mpt3sas_cm0: scatter gather: sge_in_main_msg(1), sge_per_chain(7), sge_per_io(128), chains_per_io(19)
[   18.685033] mpt3sas_cm0: request pool(0x00000000ca5ef2dd) - dma(0x139d44000): depth(21), frame_size(128), pool_size(2 kB)
[   18.685326] mpt3sas_cm0: sense pool(0x000000009c0af1f8) - dma(0x139d4a000): depth(6), element_size(96), pool_size (0 kB)
[   18.685605] mpt3sas_cm0: reply pool(0x0000000096adb89a) - dma(0x13f98c000): depth(85), frame_size(128), pool_size(10 kB)
[   18.685881] mpt3sas_cm0: config page(0x0000000040be9993) - dma(0x139d4c000): size(512)
[   18.686153] mpt3sas_cm0: Allocated physical memory: size(29 kB)
[   18.686427] mpt3sas_cm0: Current Controller Queue Depth(3),Max Controller Queue Depth(16)
[   18.686707] mpt3sas_cm0: Scatter Gather Elements per IO(128)
[   18.734052] usb 1-7: New USB device found, idVendor=05e3, idProduct=0610, bcdDevice= 6.63
[   18.734679] usb 1-7: New USB device strings: Mfr=1, Product=2, SerialNumber=0
[   18.735286] usb 1-7: Product: USB2.1 Hub
[   18.735957] usb 1-7: Manufacturer: GenesysLogic
[   18.737801] mpt3sas_cm0: _base_display_fwpkg_version: complete
[   18.738413] mf:
               	
[   18.738415] 12050001 
[   18.739559] 00000000 
[   18.740298] 00000000 
[   18.740847] 00010000 
[   18.741390] 00000000 
[   18.741921] 00000000 

[   18.743600] mpt3sas_cm0: log_info(0x30030109): originator(IOP), code(0x03), sub_code(0x0109)
[   18.744435] mpt3sas_cm0: log_info(0x30030109): originator(IOP), code(0x03), sub_code(0x0109)
[   18.744445] mpt3sas_cm0: TimeSync Interval in Manuf page-11 is not enabled. Periodic Time-Sync will be disabled
[   18.745968] mpt3sas_cm0: log_info(0x3003011b): originator(IOP), code(0x03), sub_code(0x011b)
[   18.746794] mpt3sas_cm0: log_info(0x3003011b): originator(IOP), code(0x03), sub_code(0x011b)
[   18.747615] mpt3sas_cm0: log_info(0x30030102): originator(IOP), code(0x03), sub_code(0x0102)
[   18.748411] mpt3sas_cm0: log_info(0x30030102): originator(IOP), code(0x03), sub_code(0x0102)
[   18.749207] mpt3sas_cm0: log_info(0x30030102): originator(IOP), code(0x03), sub_code(0x0102)
[   18.750005] mpt3sas_cm0: log_info(0x30030102): originator(IOP), code(0x03), sub_code(0x0102)
[   18.750948] mpt3sas_cm0: log_info(0x30030100): originator(IOP), code(0x03), sub_code(0x0100)
[   18.751707] mpt3sas_cm0: log_info(0x30030100): originator(IOP), code(0x03), sub_code(0x0100)
[   18.752474] mpt3sas_cm0: log_info(0x30030100): originator(IOP), code(0x03), sub_code(0x0100)
[   18.753221] mpt3sas_cm0: log_info(0x30030100): originator(IOP), code(0x03), sub_code(0x0100)
[   18.753228] mpt3sas_cm0: "PEX89000"      : FWVersion(04.19.00.00), ChipRevision(0xb0), BiosVersion(00.00.00.00)
[   18.754487] mpt3sas_cm0: Protocol=(Initiator), Capabilities=(Diag Trace Buffer,Task Set Full,NCQ)
[   18.755036] mpt3sas_cm0: log_info(0x30030100): originator(IOP), code(0x03), sub_code(0x0100)
[   18.755771] mpt3sas_cm0: log_info(0x30030100): originator(IOP), code(0x03), sub_code(0x0100)
[   18.756059] nvme nvme0: 129/0/0 default/read/poll queues
[   18.756496] mpt3sas_cm0: log_info(0x300301e0): originator(IOP), code(0x03), sub_code(0x01e0)
[   18.757526] mpt3sas_cm0: log_info(0x300301e0): originator(IOP), code(0x03), sub_code(0x01e0)
[   18.758289] scsi host0: Fusion MPT SAS Host
[   18.759643] mpt3sas_cm0: sending port enable !!
[   18.760168] mpt3sas_cm1: 63 BIT PCI BUS DMA ADDRESSING SUPPORTED, total mem (792133388 kB)
[   18.760431] nvme nvme1: 129/0/0 default/read/poll queues
[   18.760845] mpt3sas_cm0: hba_port entry: 000000000ca5a53a, port: 0 is added to hba_port list
[   18.761313] mpt3sas_cm0: host_add: handle(0x0001), sas_addr(0x500605b0000272b8), phys(1)
[   18.763378] mpt3sas_cm0: handle(0x2) sas_address(0x500605b0000272b8) port_type(0x1)
[   18.765500] scsi 0:0:0:0: Enclosure         BROADCOM RM4108G          00   PQ: 0 ANSI: 5
[   18.765970] scsi 0:0:0:0: set ignore_delay_remove for handle(0x0002)
[   18.766299] scsi 0:0:0:0: SES: handle(0x0002), sas_addr(0x500605b0000272b8), phy(0), device_name(0x500605b0000272b8)
[   18.766626] scsi 0:0:0:0: enclosure logical id (0x500605b0000272b8), slot(0) 
[   18.766953] scsi 0:0:0:0: qdepth(3), tagged(1), scsi_level(6), cmd_que(1)
[   18.767316] scsi 0:0:0:0: Power-on or device reset occurred
[   18.768425]  end_device-0:0: add: handle(0x0002), sas_addr(0x500605b0000272b8)
[   18.777496]  nvme0n1: p1 p2 p3
[   18.779732] mpt3sas_cm0: port enable: SUCCESS
[   18.780732] scsi 0:0:0:0: Attached scsi generic sg0 type 13
[   18.786904] hub 1-7:1.0: USB hub found
[   18.795788] hub 1-7:1.0: 4 ports detected
[   18.818277] mpt3sas_cm1: CurrentHostPageSize is 0: Setting default host page size to 4k
[   18.818932] mpt3sas_cm1: MSI-X vectors supported: 1
[   18.819534] 	 no of cores: 192, max_msix_vectors: -1
[   18.819742] usb 1-4.4: new high-speed USB device number 4 using xhci_hcd
[   18.820313] mpt3sas_cm1:  0 1 1
[   18.821844] mpt3sas_cm1: High IOPs queues : disabled
[   18.822478] mpt3sas1-msix0: PCI-MSI-X enabled: IRQ 490
[   18.823109] mpt3sas_cm1: iomem(0x000024f814200000), mapped(0x000000002a318de2), size(16384)
[   18.823779] mpt3sas_cm1: ioport(0x0000000000000000), size(0)
[   18.886366] ata8: SATA link down (SStatus 0 SControl 300)
[   18.887125] ata10: SATA link down (SStatus 0 SControl 300)
[   18.888493] ata11: SATA link down (SStatus 0 SControl 300)
[   18.889235] mpt3sas_cm1: CurrentHostPageSize is 0: Setting default host page size to 4k
[   18.889764] ata9: SATA link down (SStatus 0 SControl 300)
[   18.891230] ata12: SATA link down (SStatus 0 SControl 300)
[   18.892677] ata13: SATA link down (SStatus 0 SControl 300)
[   18.917235] mpt3sas_cm1: scatter gather: sge_in_main_msg(1), sge_per_chain(7), sge_per_io(128), chains_per_io(19)
[   18.917966] mpt3sas_cm1: request pool(0x000000009c791288) - dma(0x609d74e000): depth(21), frame_size(128), pool_size(2 kB)
[   18.918717] mpt3sas_cm1: sense pool(0x0000000097da54ab) - dma(0x609d749000): depth(6), element_size(96), pool_size (0 kB)
[   18.919468] mpt3sas_cm1: reply pool(0x00000000f4391436) - dma(0x60a7ffc000): depth(85), frame_size(128), pool_size(10 kB)
[   18.920397] usb 1-4.4: New USB device found, idVendor=046b, idProduct=ff10, bcdDevice= 5.04
[   18.920462] mpt3sas_cm1: config page(0x000000007bb24b3f) - dma(0x609d747000): size(512)
[   18.921269] usb 1-4.4: New USB device strings: Mfr=1, Product=2, SerialNumber=3
[   18.922074] mpt3sas_cm1: Allocated physical memory: size(29 kB)
[   18.922883] usb 1-4.4: Product: Virtual Mouse Gadget
[   18.923677] mpt3sas_cm1: Current Controller Queue Depth(3),Max Controller Queue Depth(16)
[   18.924821] usb 1-4.4: Manufacturer: American Megatrends Inc.
[   18.925622] mpt3sas_cm1: Scatter Gather Elements per IO(128)
[   18.926429] usb 1-4.4: SerialNumber: 0123456789
[   18.974331] ata15: SATA link down (SStatus 0 SControl 300)
[   18.975271] ata14: SATA link down (SStatus 0 SControl 300)
[   18.976881] ata17: SATA link down (SStatus 0 SControl 300)
[   18.978273] ata16: SATA link down (SStatus 0 SControl 300)
[   18.981280] mpt3sas_cm1: _base_display_fwpkg_version: complete
[   18.982099] mf:
               	
[   18.982101] 12050001 
[   18.983581] 00000000 
[   18.984531] 00000000 
[   18.985208] 00010000 
[   18.985872] 00000000 
[   18.986521] 00000000 

[   18.988482] mpt3sas_cm1: log_info(0x30030109): originator(IOP), code(0x03), sub_code(0x0109)
[   18.989844] mpt3sas_cm1: log_info(0x30030109): originator(IOP), code(0x03), sub_code(0x0109)
[   18.989851] mpt3sas_cm1: TimeSync Interval in Manuf page-11 is not enabled. Periodic Time-Sync will be disabled
[   18.992469] mpt3sas_cm1: log_info(0x3003011b): originator(IOP), code(0x03), sub_code(0x011b)
[   18.993616] mpt3sas_cm1: log_info(0x3003011b): originator(IOP), code(0x03), sub_code(0x011b)
[   18.993998] mpt3sas_cm1: log_info(0x30030102): originator(IOP), code(0x03), sub_code(0x0102)
[   18.994272] mpt3sas_cm1: log_info(0x30030102): originator(IOP), code(0x03), sub_code(0x0102)
[   18.994551] mpt3sas_cm1: log_info(0x30030102): originator(IOP), code(0x03), sub_code(0x0102)
[   18.994922] mpt3sas_cm1: log_info(0x30030102): originator(IOP), code(0x03), sub_code(0x0102)
[   18.995426] mpt3sas_cm1: log_info(0x30030100): originator(IOP), code(0x03), sub_code(0x0100)
[   18.995703] mpt3sas_cm1: log_info(0x30030100): originator(IOP), code(0x03), sub_code(0x0100)
[   18.995944] mpt3sas_cm1: log_info(0x30030100): originator(IOP), code(0x03), sub_code(0x0100)
[   18.996162] mpt3sas_cm1: log_info(0x30030100): originator(IOP), code(0x03), sub_code(0x0100)
[   18.996168] mpt3sas_cm1: "PEX89000"      : FWVersion(04.19.00.00), ChipRevision(0xb0), BiosVersion(00.00.00.00)
[   18.996914] mpt3sas_cm1: Protocol=(Initiator), Capabilities=(Diag Trace Buffer,Task Set Full,NCQ)
[   18.997729] mpt3sas_cm1: log_info(0x30030100): originator(IOP), code(0x03), sub_code(0x0100)
[   18.998028] mpt3sas_cm1: log_info(0x30030100): originator(IOP), code(0x03), sub_code(0x0100)
[   18.998257] mpt3sas_cm1: log_info(0x300301e0): originator(IOP), code(0x03), sub_code(0x01e0)
[   18.998474] mpt3sas_cm1: log_info(0x300301e0): originator(IOP), code(0x03), sub_code(0x01e0)
[   18.998695] scsi host18: Fusion MPT SAS Host
[   18.999867] mpt3sas_cm1: sending port enable !!
[   19.000192] usb 2-8.4: new SuperSpeed USB device number 3 using xhci_hcd
[   19.000838] mpt3sas_cm1: hba_port entry: 0000000087ea4baa, port: 0 is added to hba_port list
[   19.001982] mpt3sas_cm1: host_add: handle(0x0001), sas_addr(0x500605b0000272b8), phys(1)
[   19.003314] mpt3sas_cm1: handle(0x2) sas_address(0x500605b0000272b8) port_type(0x1)
[   19.005002] scsi 18:0:0:0: Enclosure         BROADCOM RM4108G          00   PQ: 0 ANSI: 5
[   19.005518] scsi 18:0:0:0: set ignore_delay_remove for handle(0x0002)
[   19.005831] scsi 18:0:0:0: SES: handle(0x0002), sas_addr(0x500605b0000272b8), phy(0), device_name(0x500605b0000272b8)
[   19.006127] scsi 18:0:0:0: enclosure logical id (0x500605b0000272b8), slot(0) 
[   19.006421] scsi 18:0:0:0: qdepth(3), tagged(1), scsi_level(6), cmd_que(1)
[   19.006747] scsi 18:0:0:0: Power-on or device reset occurred
[   19.007515]  end_device-18:0: add: handle(0x0002), sas_addr(0x500605b0000272b8)
[   19.019736] mpt3sas_cm1: port enable: SUCCESS
[   19.021351] scsi 18:0:0:0: Attached scsi generic sg1 type 13
[   19.027521] usb 2-8.4: New USB device found, idVendor=0b95, idProduct=1790, bcdDevice= 2.00
[   19.028255] usb 2-8.4: New USB device strings: Mfr=1, Product=2, SerialNumber=3
[   19.028818] usb 2-8.4: Product: AX88179B
[   19.029582] usb 2-8.4: Manufacturer: ASIX
[   19.030340] usb 2-8.4: SerialNumber: 0000000000C7D4
[   19.038964] ses 0:0:0:0: Attached Enclosure device
[   19.039320] ses 18:0:0:0: Attached Enclosure device
[   19.072037] ax88179_178a 2-8.4:2.0 (unnamed net_device) (uninitialized): Failed to write reg index 0x0002: -32
[   19.076573] ax88179_178a 2-8.4:2.0 (unnamed net_device) (uninitialized): Failed to write reg index 0x0002: -32
[   19.099731] usb 1-4.5: new high-speed USB device number 5 using xhci_hcd
[   19.208635] usb 1-4.5: New USB device found, idVendor=046b, idProduct=ffb0, bcdDevice= 1.00
[   19.209276] usb 1-4.5: New USB device strings: Mfr=1, Product=2, SerialNumber=3
[   19.209900] usb 1-4.5: Product: Virtual Ethernet.
[   19.210521] usb 1-4.5: Manufacturer: American Megatrends Inc.
[   19.211130] usb 1-4.5: SerialNumber: 1234567890.
[   19.307728] usb 1-4.6: new high-speed USB device number 6 using xhci_hcd
[   19.420390] usb 1-4.6: New USB device found, idVendor=046b, idProduct=ff10, bcdDevice= 5.04
[   19.421018] usb 1-4.6: New USB device strings: Mfr=1, Product=2, SerialNumber=3
[   19.421647] usb 1-4.6: Product: Virtual Keyboard Gadget
[   19.422279] usb 1-4.6: Manufacturer: American Megatrends Inc.
[   19.422921] usb 1-4.6: SerialNumber: 0123456789
[   19.444675] cdc_ether 1-4.5:2.0 usb0: register 'cdc_ether' at usb-0000:00:14.0-4.5, CDC Ethernet Device, ea:b7:f9:99:ca:3d
[   19.447161] hid: raw HID events driver (C) Jiri Kosina
[   19.447384] usbcore: registered new interface driver cdc_ether
[   19.453811] cdc_ether 1-4.5:2.0 enxeab7f999ca3d: renamed from usb0
[   19.455287] usbcore: registered new interface driver usbhid
[   19.456255] usbhid: USB HID core driver
[   19.461922] input: American Megatrends Inc. Virtual Mouse Gadget as /devices/pci0000:00/0000:00:14.0/usb1/1-4/1-4.4/1-4.4:1.0/0003:046B:FF10.0001/input/input2
[   19.463888] hid-generic 0003:046B:FF10.0001: input,hidraw0: USB HID v1.01 Mouse [American Megatrends Inc. Virtual Mouse Gadget] on usb-0000:00:14.0-4.4/input0
[   19.466064] input: American Megatrends Inc. Virtual Keyboard Gadget as /devices/pci0000:00/0000:00:14.0/usb1/1-4/1-4.6/1-4.6:1.0/0003:046B:FF10.0002/input/input3
[   19.468117] hid-generic 0003:046B:FF10.0002: input,hidraw1: USB HID v1.01 Keyboard [American Megatrends Inc. Virtual Keyboard Gadget] on usb-0000:00:14.0-4.6/input0
[   19.608012] ax88179_178a 2-8.4:2.0 (unnamed net_device) (uninitialized): Failed to write reg index 0x0001: -32
[   19.816010] ax88179_178a 2-8.4:2.0 (unnamed net_device) (uninitialized): Failed to read reg index 0x0001: -32
[   19.817636] ax88179_178a 2-8.4:2.0 (unnamed net_device) (uninitialized): Failed to read reg index 0x0006: -32
[   19.818568] ax88179_178a 2-8.4:2.0 (unnamed net_device) (uninitialized): invalid MAC address, using random
[   19.820290] ax88179_178a 2-8.4:2.0 (unnamed net_device) (uninitialized): Failed to write reg index 0x0006: -32
[   19.821978] ax88179_178a 2-8.4:2.0 (unnamed net_device) (uninitialized): Failed to write reg index 0x0005: -32
[   19.823628] ax88179_178a 2-8.4:2.0 (unnamed net_device) (uninitialized): Failed to write reg index 0x0001: -32
[   19.825611] ax88179_178a 2-8.4:2.0 (unnamed net_device) (uninitialized): Failed to write reg index 0x0001: -32
[   19.827197] ax88179_178a 2-8.4:2.0 (unnamed net_device) (uninitialized): Failed to write reg index 0x0001: -32
[   19.828923] ax88179_178a 2-8.4:2.0 (unnamed net_device) (uninitialized): Failed to write reg index 0x0001: -32
[   19.830533] ax88179_178a 2-8.4:2.0 (unnamed net_device) (uninitialized): Failed to write reg index 0x0002: -32
[   19.832134] ax88179_178a 2-8.4:2.0 (unnamed net_device) (uninitialized): Failed to write reg index 0x0001: -32
[   19.833661] ax88179_178a 2-8.4:2.0 (unnamed net_device) (uninitialized): Failed to write reg index 0x0002: -32
[   19.835189] ax88179_178a 2-8.4:2.0 (unnamed net_device) (uninitialized): Failed to read reg index 0x0001: -32
[   19.836832] ax88179_178a 2-8.4:2.0 (unnamed net_device) (uninitialized): Failed to read reg index 0x0001: -32
[   19.838346] ax88179_178a 2-8.4:2.0 (unnamed net_device) (uninitialized): Failed to write reg index 0x0001: -32
[   19.839867] ax88179_178a 2-8.4:2.0 (unnamed net_device) (uninitialized): Failed to write reg index 0x001f: -32
[   19.841361] ax88179_178a 2-8.4:2.0 (unnamed net_device) (uninitialized): Failed to write reg index 0x0019: -32
[   19.842878] ax88179_178a 2-8.4:2.0 (unnamed net_device) (uninitialized): Failed to write reg index 0x001f: -32
[   19.844372] ax88179_178a 2-8.4:2.0 (unnamed net_device) (uninitialized): Failed to write reg index 0x000d: -32
[   19.845834] ax88179_178a 2-8.4:2.0 (unnamed net_device) (uninitialized): Failed to write reg index 0x000e: -32
[   19.847328] ax88179_178a 2-8.4:2.0 (unnamed net_device) (uninitialized): Failed to write reg index 0x000d: -32
[   19.848913] ax88179_178a 2-8.4:2.0 (unnamed net_device) (uninitialized): Failed to read reg index 0x000e: -32
[   19.850397] ax88179_178a 2-8.4:2.0 (unnamed net_device) (uninitialized): Failed to write reg index 0x000d: -32
[   19.851865] ax88179_178a 2-8.4:2.0 (unnamed net_device) (uninitialized): Failed to write reg index 0x000e: -32
[   19.853313] ax88179_178a 2-8.4:2.0 (unnamed net_device) (uninitialized): Failed to write reg index 0x000d: -32
[   19.854751] ax88179_178a 2-8.4:2.0 (unnamed net_device) (uninitialized): Failed to write reg index 0x000e: -32
[   19.856192] ax88179_178a 2-8.4:2.0 (unnamed net_device) (uninitialized): Failed to read reg index 0x0000: -32
[   19.857302] ax88179_178a 2-8.4:2.0 eth0: register 'ax88179_178a' at usb-0000:00:14.0-8.4, ASIX AX88179 USB 3.0 Gigabit Ethernet, 0e:e4:4b:a6:cb:60
[   19.878940] ax88179_178a 2-8.4:2.1 (unnamed net_device) (uninitialized): Failed to write reg index 0x0002: -32
[   19.880575] ax88179_178a 2-8.4:2.1 (unnamed net_device) (uninitialized): Failed to write reg index 0x0002: -32
[   20.408034] ax88179_178a 2-8.4:2.1 (unnamed net_device) (uninitialized): Failed to write reg index 0x0001: -32
[   20.615994] ax88179_178a 2-8.4:2.1 (unnamed net_device) (uninitialized): Failed to read reg index 0x0001: -32
[   20.617341] ax88179_178a 2-8.4:2.1 (unnamed net_device) (uninitialized): Failed to read reg index 0x0006: -32
[   20.618016] ax88179_178a 2-8.4:2.1 (unnamed net_device) (uninitialized): invalid MAC address, using random
[   20.619397] ax88179_178a 2-8.4:2.1 (unnamed net_device) (uninitialized): Failed to write reg index 0x0006: -32
[   20.620880] ax88179_178a 2-8.4:2.1 (unnamed net_device) (uninitialized): Failed to write reg index 0x0005: -32
[   20.622301] ax88179_178a 2-8.4:2.1 (unnamed net_device) (uninitialized): Failed to write reg index 0x0001: -32
[   20.623673] ax88179_178a 2-8.4:2.1 (unnamed net_device) (uninitialized): Failed to write reg index 0x0001: -32
[   20.625230] ax88179_178a 2-8.4:2.1 (unnamed net_device) (uninitialized): Failed to write reg index 0x0001: -32
[   20.626521] ax88179_178a 2-8.4:2.1 (unnamed net_device) (uninitialized): Failed to write reg index 0x0001: -32
[   20.627806] ax88179_178a 2-8.4:2.1 (unnamed net_device) (uninitialized): Failed to write reg index 0x0002: -32
[   20.629049] ax88179_178a 2-8.4:2.1 (unnamed net_device) (uninitialized): Failed to write reg index 0x0001: -32
[   20.630300] ax88179_178a 2-8.4:2.1 (unnamed net_device) (uninitialized): Failed to write reg index 0x0002: -32
[   20.631488] ax88179_178a 2-8.4:2.1 (unnamed net_device) (uninitialized): Failed to read reg index 0x0001: -32
[   20.632742] ax88179_178a 2-8.4:2.1 (unnamed net_device) (uninitialized): Failed to read reg index 0x0001: -32
[   20.633867] ax88179_178a 2-8.4:2.1 (unnamed net_device) (uninitialized): Failed to write reg index 0x0001: -32
[   20.635010] ax88179_178a 2-8.4:2.1 (unnamed net_device) (uninitialized): Failed to write reg index 0x001f: -32
[   20.636154] ax88179_178a 2-8.4:2.1 (unnamed net_device) (uninitialized): Failed to write reg index 0x0019: -32
[   20.637323] ax88179_178a 2-8.4:2.1 (unnamed net_device) (uninitialized): Failed to write reg index 0x001f: -32
[   20.638468] ax88179_178a 2-8.4:2.1 (unnamed net_device) (uninitialized): Failed to write reg index 0x000d: -32
[   20.639601] ax88179_178a 2-8.4:2.1 (unnamed net_device) (uninitialized): Failed to write reg index 0x000e: -32
[   20.640778] ax88179_178a 2-8.4:2.1 (unnamed net_device) (uninitialized): Failed to write reg index 0x000d: -32
[   20.641874] ax88179_178a 2-8.4:2.1 (unnamed net_device) (uninitialized): Failed to read reg index 0x000e: -32
[   20.642968] ax88179_178a 2-8.4:2.1 (unnamed net_device) (uninitialized): Failed to write reg index 0x000d: -32
[   20.644095] ax88179_178a 2-8.4:2.1 (unnamed net_device) (uninitialized): Failed to write reg index 0x000e: -32
[   20.645233] ax88179_178a 2-8.4:2.1 (unnamed net_device) (uninitialized): Failed to write reg index 0x000d: -32
[   20.646377] ax88179_178a 2-8.4:2.1 (unnamed net_device) (uninitialized): Failed to write reg index 0x000e: -32
[   20.647525] ax88179_178a 2-8.4:2.1 (unnamed net_device) (uninitialized): Failed to read reg index 0x0000: -32
[   20.648337] ax88179_178a 2-8.4:2.1 eth1: register 'ax88179_178a' at usb-0000:00:14.0-8.4, ASIX AX88179 USB 3.0 Gigabit Ethernet, 9a:38:e3:72:1b:01
[   20.651850] usbcore: registered new interface driver ax88179_178a
[   20.655861] usbcore: registered new interface driver cdc_ncm
[   20.871720] raid6: avx512x4 gen() 19390 MB/s
[   20.939720] raid6: avx512x4 xor()  5745 MB/s
[   21.007719] raid6: avx512x2 gen() 38127 MB/s
[   21.075718] raid6: avx512x2 xor() 31644 MB/s
[   21.143718] raid6: avx512x1 gen() 26022 MB/s
[   21.211718] raid6: avx512x1 xor() 29773 MB/s
[   21.279717] raid6: avx2x4   gen() 34695 MB/s
[   21.347719] raid6: avx2x4   xor()  5361 MB/s
[   21.415717] raid6: avx2x2   gen() 35895 MB/s
[   21.483717] raid6: avx2x2   xor() 26048 MB/s
[   21.551717] raid6: avx2x1   gen() 31227 MB/s
[   21.619717] raid6: avx2x1   xor() 17933 MB/s
[   21.687717] raid6: sse2x4   gen() 22190 MB/s
[   21.699876] usb 2-8.4: USB disconnect, device number 3
[   21.700322] ax88179_178a 2-8.4:2.0 eth0: unregister 'ax88179_178a' usb-0000:00:14.0-8.4, ASIX AX88179 USB 3.0 Gigabit Ethernet
[   21.755718] raid6: sse2x4   xor()  3290 MB/s
[   21.823718] raid6: sse2x2   gen() 23911 MB/s
[   21.891718] raid6: sse2x2   xor() 14749 MB/s
[   21.959718] raid6: sse2x1   gen() 20488 MB/s
[   22.027719] raid6: sse2x1   xor() 13346 MB/s
[   22.027827] raid6: using algorithm avx512x2 gen() 38127 MB/s
[   22.027940] raid6: .... xor() 31644 MB/s, rmw enabled
[   22.028055] raid6: using avx512x2 recovery algorithm
[   22.030295] xor: automatically using best checksumming function   avx       
[   22.032982] async_tx: api initialized (async)
[   22.071896] ax88179_178a 2-8.4:2.1 eth1: unregister 'ax88179_178a' usb-0000:00:14.0-8.4, ASIX AX88179 USB 3.0 Gigabit Ethernet
[   22.171259] Btrfs loaded, crc32c=crc32c-intel, zoned=yes, fsverity=yes
[   22.293716] EXT4-fs (nvme0n1p3): mounted filesystem with ordered data mode. Opts: (null). Quota mode: none.
[   22.423879] usb 2-8.4: new SuperSpeed USB device number 4 using xhci_hcd
[   22.447261] usb 2-8.4: New USB device found, idVendor=0b95, idProduct=1790, bcdDevice= 2.00
[   22.448083] usb 2-8.4: New USB device strings: Mfr=1, Product=2, SerialNumber=3
[   22.448755] usb 2-8.4: Product: AX88179B
[   22.449413] usb 2-8.4: Manufacturer: ASIX
[   22.450072] usb 2-8.4: SerialNumber: 0000000000C7D4
[   22.478844] systemd[1]: Inserted module 'autofs4'
[   22.503968] systemd[1]: systemd 249.11-0ubuntu3.12 running in system mode (+PAM +AUDIT +SELINUX +APPARMOR +IMA +SMACK +SECCOMP +GCRYPT +GNUTLS +OPENSSL +ACL +BLKID +CURL +ELFUTILS +FIDO2 +IDN2 -IDN +IPTC +KMOD +LIBCRYPTSETUP +LIBFDISK +PCRE2 -PWQUALITY -P11KIT -QRENCODE +BZIP2 +LZ4 +XZ +ZLIB +ZSTD -XKBCOMMON +UTMP +SYSVINIT default-hierarchy=unified)
[   22.523821] systemd[1]: Detected architecture x86-64.
[   22.526288] systemd[1]: Hostname set to <ubuntu>.
[   22.652934] systemd[1]: Configuration file /run/systemd/system/netplan-ovs-cleanup.service is marked world-inaccessible. This has no effect as configuration data is accessible via APIs without restrictions. Proceeding anyway.
[   22.700666] systemd[1]: Queued start job for default target Graphical Interface.
[   22.709665] systemd[1]: Created slice Slice /system/modprobe.
[   22.710955] systemd[1]: Created slice Slice /system/systemd-fsck.
[   22.713631] systemd[1]: Created slice User and Session Slice.
[   22.715457] systemd[1]: Started Forward Password Requests to Wall Directory Watch.
[   22.717711] systemd[1]: Set up automount Arbitrary Executable File Formats File System Automount Point.
[   22.719467] systemd[1]: Reached target Slice Units.
[   22.720712] systemd[1]: Reached target Mounting snaps.
[   22.722194] systemd[1]: Reached target Local Verity Protected Volumes.
[   22.723975] systemd[1]: Listening on Device-mapper event daemon FIFOs.
[   22.725970] systemd[1]: Listening on LVM2 poll daemon socket.
[   22.727921] systemd[1]: Listening on multipathd control socket.
[   22.730126] systemd[1]: Listening on Syslog Socket.
[   22.732135] systemd[1]: Listening on fsck to fsckd communication Socket.
[   22.734032] systemd[1]: Listening on initctl Compatibility Named Pipe.
[   22.736153] systemd[1]: Listening on Journal Audit Socket.
[   22.738101] systemd[1]: Listening on Journal Socket (/dev/log).
[   22.740069] systemd[1]: Listening on Journal Socket.
[   22.742082] systemd[1]: Listening on Network Service Netlink Socket.
[   22.744105] systemd[1]: Listening on udev Control Socket.
[   22.746033] systemd[1]: Listening on udev Kernel Socket.
[   22.749939] systemd[1]: Mounting Huge Pages File System...
[   22.753781] systemd[1]: Mounting POSIX Message Queue File System...
[   22.758052] systemd[1]: Mounting Kernel Debug File System...
[   22.761437] systemd[1]: Mounting Kernel Trace File System...
[   22.766641] systemd[1]: Starting Journal Service...
[   22.771778] systemd[1]: Starting Set the console keyboard layout...
[   22.776413] systemd[1]: Starting Create List of Static Device Nodes...
[   22.780541] systemd[1]: Starting Monitoring of LVM2 mirrors, snapshots etc. using dmeventd or progress polling...
[   22.782562] systemd[1]: Condition check resulted in LXD - agent being skipped.
[   22.785956] systemd[1]: Starting Load Kernel Module configfs...
[   22.789444] systemd[1]: Starting Load Kernel Module drm...
[   22.792861] systemd[1]: Starting Load Kernel Module efi_pstore...
[   22.797303] systemd[1]: Starting Load Kernel Module fuse...
[   22.799259] systemd[1]: Condition check resulted in File System Check on Root Device being skipped.
[   22.802318] systemd[1]: Starting Load Kernel Modules...
[   22.804831] systemd[1]: Starting Remount Root and Kernel File Systems...
[   22.807826] systemd[1]: Starting Coldplug All udev Devices...
[   22.810633] systemd[1]: Mounted Huge Pages File System.
[   22.811762] systemd[1]: Mounted POSIX Message Queue File System.
[   22.812837] systemd[1]: Mounted Kernel Debug File System.
[   22.813885] systemd[1]: Mounted Kernel Trace File System.
[   22.814223] EXT4-fs (nvme0n1p3): re-mounted. Opts: (null). Quota mode: none.
[   22.817027] systemd[1]: Finished Create List of Static Device Nodes.
[   22.818529] systemd[1]: modprobe@configfs.service: Deactivated successfully.
[   22.819540] systemd[1]: Finished Load Kernel Module configfs.
[   22.821079] systemd[1]: modprobe@drm.service: Deactivated successfully.
[   22.822168] systemd[1]: Finished Load Kernel Module drm.
[   22.823507] systemd[1]: modprobe@fuse.service: Deactivated successfully.
[   22.824475] systemd[1]: Finished Load Kernel Module fuse.
[   22.825944] systemd[1]: Finished Remount Root and Kernel File Systems.
[   22.828613] systemd[1]: Mounting FUSE Control File System...
[   22.831005] systemd[1]: Mounting Kernel Configuration File System...
[   22.834052] systemd[1]: Starting Device-Mapper Multipath Device Controller...
[   22.836478] systemd[1]: Starting Load/Save Random Seed...
[   22.837322] pstore: ignoring unexpected backend 'efi'
[   22.839476] systemd[1]: Starting Create System Users...
[   22.840541] alua: device handler registered
[   22.841362] emc: device handler registered
[   22.842573] rdac: device handler registered
[   22.843984] systemd[1]: Finished Set the console keyboard layout.
[   22.845521] systemd[1]: modprobe@efi_pstore.service: Deactivated successfully.
[   22.846378] systemd[1]: Finished Load Kernel Module efi_pstore.
[   22.848194] systemd[1]: Mounted FUSE Control File System.
[   22.849173] systemd[1]: Mounted Kernel Configuration File System.
[   22.850434] systemd[1]: Finished Load Kernel Modules.
[   22.852295] systemd[1]: Finished Load/Save Random Seed.
[   22.853400] systemd[1]: Condition check resulted in First Boot Complete being skipped.
[   22.853807] systemd[1]: Condition check resulted in Platform Persistent Storage Archival being skipped.
[   22.855991] systemd[1]: Starting Apply Kernel Variables...
[   22.857840] systemd[1]: Finished Create System Users.
[   22.860019] systemd[1]: Starting Create Static Device Nodes in /dev...
[   22.862545] systemd[1]: Finished Apply Kernel Variables.
[   22.868176] systemd[1]: Finished Create Static Device Nodes in /dev.
[   22.870963] systemd[1]: Starting Rule-based Manager for Device Events and Files...
[   22.872123] systemd[1]: Started Device-Mapper Multipath Device Controller.
[   22.911969] systemd[1]: Started Rule-based Manager for Device Events and Files.
[   22.946519] systemd[1]: Finished Monitoring of LVM2 mirrors, snapshots etc. using dmeventd or progress polling.
[   22.949444] systemd[1]: Reached target Preparation for Local File Systems.
[   22.970141] systemd[1]: Mounting Mount unit for core20, revision 2682...
[   22.979038] loop0: detected capacity change from 0 to 130608
[   22.987796] systemd[1]: Mounting Mount unit for core20, revision 2866...
[   22.992277] loop1: detected capacity change from 0 to 130624
[   23.001701] systemd[1]: Mounting Mount unit for core22, revision 2411...
[   23.005494] loop2: detected capacity change from 0 to 151512
[   23.007963] systemd[1]: Mounting Mount unit for lxd, revision 36918...
[   23.011635] loop3: detected capacity change from 0 to 187192
[   23.013258] systemd[1]: Mounting Mount unit for lxd, revision 40115...
[   23.014609] loop4: detected capacity change from 0 to 235776
[   23.015047] systemd[1]: Mounting Mount unit for snapd, revision 25577...
[   23.016899] systemd[1]: Mounting Mount unit for snapd, revision 27406...
[   23.018048] loop5: detected capacity change from 0 to 102600
[   23.018859] loop6: detected capacity change from 0 to 104296
[   23.019660] systemd[1]: Mounted Mount unit for core20, revision 2682.
[   23.020802] systemd[1]: Mounted Mount unit for core20, revision 2866.
[   23.021681] systemd[1]: Mounted Mount unit for core22, revision 2411.
[   23.021977] systemd[1]: Mounted Mount unit for lxd, revision 36918.
[   23.022241] systemd[1]: Mounted Mount unit for lxd, revision 40115.
[   23.022488] systemd[1]: Mounted Mount unit for snapd, revision 25577.
[   23.022727] systemd[1]: Mounted Mount unit for snapd, revision 27406.
[   23.023240] systemd[1]: Reached target Mounted snaps.
[   23.035555] systemd[1]: Started Journal Service.
[   23.039829] systemd-journald[2160]: Received client request to flush runtime journal.
[   23.212146] ax88179_178a 2-8.4:1.0 (unnamed net_device) (uninitialized): Failed to read reg index 0x0040: -32
[   23.220036] ax88179_178a 2-8.4:1.0 eth0: register 'ax88179_178a' at usb-0000:00:14.0-8.4, ASIX AX88179 USB 3.0 Gigabit Ethernet, 6c:1f:f7:64:6c:92
[   23.225624] ax88179_178a 2-8.4:1.0 enx6c1ff7646c92: renamed from eth0
[   23.401102] IPMI message handler: version 39.2
[   23.404663] ipmi device interface
[   23.460889] power_meter ACPI000D:00: Found ACPI power meter.
[   23.464664] power_meter ACPI000D:00: Ignoring unsafe software power cap!
[   23.466719] power_meter ACPI000D:00: hwmon_device_register() is deprecated. Please convert the driver to use hwmon_device_register_with_info().
[   23.470931] ipmi_si: IPMI System Interface driver
[   23.471058] ipmi_si dmi-ipmi-si.0: ipmi_platform: probing via SMBIOS
[   23.471060] ipmi_platform: ipmi_si: SMBIOS: io 0xca2 regsize 1 spacing 1 irq 0
[   23.471062] ipmi_si: Adding SMBIOS-specified kcs state machine
[   23.474084] ipmi_si IPI0001:00: ipmi_platform: probing via ACPI
[   23.474228] ipmi_si IPI0001:00: ipmi_platform: [io  0x0ca2] regsize 1 spacing 1 irq 0
[   23.642084] ipmi_si dmi-ipmi-si.0: Removing SMBIOS-specified kcs state machine in favor of ACPI
[   23.642093] ipmi_si: Adding ACPI-specified kcs state machine
[   23.646481] ipmi_si: Trying ACPI-specified kcs state machine at i/o address 0xca2, slave address 0x20, irq 0
[   23.877596] ipmi_si IPI0001:00: IPMI message handler: Found new BMC (man_id: 0x000000, prod_id: 0x0202, dev_id: 0x20)
[   23.918063] mei_me 0000:00:16.0: Device doesn't have valid ME Interface
[   23.921722] mlx_compat: loading out-of-tree module taints kernel.
[   23.921750] mlx_compat: module verification failed: signature and/or required key missing - tainting kernel
[   23.924859] Compat-mlnx-ofed backport release: 3735cf8
[   23.924860] Backport based on https://:@git-nbu.nvidia.com/r/a/mlnx_ofed/mlnx-ofa_kernel-4.0.git 3735cf8
[   23.924861] compat.git: https://:@git-nbu.nvidia.com/r/a/mlnx_ofed/mlnx-ofa_kernel-4.0.git
[   24.019156] Platform does not have ENQCMD(S) support.
[   24.022789] snd_hda_intel 0000:00:1f.3: enabling device (0140 -> 0142)
[   24.024467] snd_hda_intel 0000:29:00.1: Disabling MSI
[   24.024494] snd_hda_intel 0000:29:00.1: Handle vga_switcheroo audio client
[   24.025368] snd_hda_intel 0000:2a:00.1: Disabling MSI
[   24.025387] snd_hda_intel 0000:2a:00.1: Handle vga_switcheroo audio client
[   24.026261] snd_hda_intel 0000:3a:00.1: Disabling MSI
[   24.026280] snd_hda_intel 0000:3a:00.1: Handle vga_switcheroo audio client
[   24.028412] nvidia-nvlink: Nvlink Core is being initialized, major device number 507

[   24.028440] snd_hda_intel 0000:3b:00.1: Disabling MSI
[   24.029092] snd_hda_intel 0000:3b:00.1: Handle vga_switcheroo audio client
[   24.030187] snd_hda_intel 0000:aa:00.1: Disabling MSI
[   24.030348] snd_hda_intel 0000:aa:00.1: Handle vga_switcheroo audio client
[   24.031466] snd_hda_intel 0000:ab:00.1: Disabling MSI
[   24.031543] snd_hda_intel 0000:ab:00.1: Handle vga_switcheroo audio client
[   24.032741] snd_hda_intel 0000:ba:00.1: Disabling MSI
[   24.032825] snd_hda_intel 0000:ba:00.1: Handle vga_switcheroo audio client
[   24.041359] snd_hda_intel 0000:bc:00.1: Disabling MSI
[   24.042005] snd_hda_intel 0000:bc:00.1: Handle vga_switcheroo audio client
[   24.044626] snd_hda_intel 0000:00:1f.3: no codecs found!
[   24.054922] nvidia 0000:29:00.0: vgaarb: changed VGA decodes: olddecodes=io+mem,decodes=none:owns=none
[   24.073676] mlx5_core 0000:16:00.0: PTM enabled, 2ns granularity
[   24.073693] mlx5_core 0000:16:00.0: firmware version: 28.47.1088
[   24.073723] mlx5_core 0000:16:00.0: 504.112 Gb/s available PCIe bandwidth (32.0 GT/s PCIe x16 link)
[   24.101079] nvidia 0000:2a:00.0: vgaarb: changed VGA decodes: olddecodes=io+mem,decodes=none:owns=none
[   24.116648] nvidia 0000:3a:00.0: vgaarb: changed VGA decodes: olddecodes=io+mem,decodes=none:owns=none
[   24.138190] ipmi_si IPI0001:00: IPMI kcs interface initialized
[   24.140056] input: HDA NVidia HDMI/DP,pcm=3 as /devices/pci0000:37/0000:37:01.0/0000:38:00.0/0000:39:00.0/0000:3a:00.1/sound/card3/input16
[   24.140474] input: HDA NVidia HDMI/DP,pcm=7 as /devices/pci0000:37/0000:37:01.0/0000:38:00.0/0000:39:00.0/0000:3a:00.1/sound/card3/input17
[   24.140626] input: HDA NVidia HDMI/DP,pcm=8 as /devices/pci0000:37/0000:37:01.0/0000:38:00.0/0000:39:00.0/0000:3a:00.1/sound/card3/input18
[   24.141959] input: HDA NVidia HDMI/DP,pcm=9 as /devices/pci0000:37/0000:37:01.0/0000:38:00.0/0000:39:00.0/0000:3a:00.1/sound/card3/input19
[   24.143207] ipmi_ssif: IPMI SSIF Interface driver
[   24.151739] idxd 0000:6a:01.0: enabling device (0144 -> 0146)
[   24.151861] idxd 0000:6a:01.0: Unable to turn on SVA feature.
[   24.153379] nvidia 0000:3b:00.0: vgaarb: changed VGA decodes: olddecodes=io+mem,decodes=none:owns=none
[   24.163546] input: HDA NVidia HDMI/DP,pcm=3 as /devices/pci0000:26/0000:26:01.0/0000:27:00.0/0000:28:00.0/0000:29:00.1/sound/card1/input12
[   24.163626] input: HDA NVidia HDMI/DP,pcm=7 as /devices/pci0000:26/0000:26:01.0/0000:27:00.0/0000:28:00.0/0000:29:00.1/sound/card1/input13
[   24.163709] input: HDA NVidia HDMI/DP,pcm=8 as /devices/pci0000:26/0000:26:01.0/0000:27:00.0/0000:28:00.0/0000:29:00.1/sound/card1/input14
[   24.163905] nvidia 0000:aa:00.0: vgaarb: changed VGA decodes: olddecodes=io+mem,decodes=none:owns=none
[   24.164272] input: HDA NVidia HDMI/DP,pcm=9 as /devices/pci0000:26/0000:26:01.0/0000:27:00.0/0000:28:00.0/0000:29:00.1/sound/card1/input15
[   24.169321] idxd 0000:6a:01.0: Intel(R) Accelerator Device (v100)
[   24.179639] idxd 0000:e7:01.0: enabling device (0144 -> 0146)
[   24.179728] idxd 0000:e7:01.0: Unable to turn on SVA feature.
[   24.180722] nvidia 0000:ab:00.0: vgaarb: changed VGA decodes: olddecodes=io+mem,decodes=none:owns=none
[   24.192967] EXT4-fs (nvme1n1): mounted filesystem with ordered data mode. Opts: (null). Quota mode: none.
[   24.197531] nvidia 0000:ba:00.0: vgaarb: changed VGA decodes: olddecodes=io+mem,decodes=none:owns=none
[   24.198468] input: HDA NVidia HDMI/DP,pcm=3 as /devices/pci0000:b7/0000:b7:01.0/0000:b8:00.0/0000:b9:02.0/0000:bc:00.1/sound/card8/input24
[   24.199003] input: HDA NVidia HDMI/DP,pcm=7 as /devices/pci0000:b7/0000:b7:01.0/0000:b8:00.0/0000:b9:02.0/0000:bc:00.1/sound/card8/input25
[   24.199348] input: HDA NVidia HDMI/DP,pcm=8 as /devices/pci0000:b7/0000:b7:01.0/0000:b8:00.0/0000:b9:02.0/0000:bc:00.1/sound/card8/input26
[   24.199874] input: HDA NVidia HDMI/DP,pcm=9 as /devices/pci0000:b7/0000:b7:01.0/0000:b8:00.0/0000:b9:02.0/0000:bc:00.1/sound/card8/input27
[   24.213252] nvidia 0000:bc:00.0: vgaarb: changed VGA decodes: olddecodes=io+mem,decodes=none:owns=none
[   24.215059] input: HDA NVidia HDMI/DP,pcm=3 as /devices/pci0000:26/0000:26:01.0/0000:27:00.0/0000:28:01.0/0000:2a:00.1/sound/card2/input20
[   24.217367] input: HDA NVidia HDMI/DP,pcm=3 as /devices/pci0000:a7/0000:a7:01.0/0000:a8:00.0/0000:a9:00.0/0000:aa:00.1/sound/card5/input4
[   24.217729] input: HDA NVidia HDMI/DP,pcm=7 as /devices/pci0000:a7/0000:a7:01.0/0000:a8:00.0/0000:a9:00.0/0000:aa:00.1/sound/card5/input5
[   24.217989] input: HDA NVidia HDMI/DP,pcm=7 as /devices/pci0000:26/0000:26:01.0/0000:27:00.0/0000:28:01.0/0000:2a:00.1/sound/card2/input21
[   24.217996] input: HDA NVidia HDMI/DP,pcm=8 as /devices/pci0000:a7/0000:a7:01.0/0000:a8:00.0/0000:a9:00.0/0000:aa:00.1/sound/card5/input6
[   24.219180] input: HDA NVidia HDMI/DP,pcm=9 as /devices/pci0000:a7/0000:a7:01.0/0000:a8:00.0/0000:a9:00.0/0000:aa:00.1/sound/card5/input7
[   24.221054] input: HDA NVidia HDMI/DP,pcm=8 as /devices/pci0000:26/0000:26:01.0/0000:27:00.0/0000:28:01.0/0000:2a:00.1/sound/card2/input22
[   24.222662] input: HDA NVidia HDMI/DP,pcm=3 as /devices/pci0000:37/0000:37:01.0/0000:38:00.0/0000:39:01.0/0000:3b:00.1/sound/card4/input28
[   24.223129] input: HDA NVidia HDMI/DP,pcm=7 as /devices/pci0000:37/0000:37:01.0/0000:38:00.0/0000:39:01.0/0000:3b:00.1/sound/card4/input29
[   24.223455] input: HDA NVidia HDMI/DP,pcm=8 as /devices/pci0000:37/0000:37:01.0/0000:38:00.0/0000:39:01.0/0000:3b:00.1/sound/card4/input30
[   24.223814] input: HDA NVidia HDMI/DP,pcm=9 as /devices/pci0000:37/0000:37:01.0/0000:38:00.0/0000:39:01.0/0000:3b:00.1/sound/card4/input31
[   24.224123] idxd 0000:e7:01.0: Intel(R) Accelerator Device (v100)
[   24.224188] input: HDA NVidia HDMI/DP,pcm=3 as /devices/pci0000:a7/0000:a7:01.0/0000:a8:00.0/0000:a9:01.0/0000:ab:00.1/sound/card6/input8
[   24.224935] input: HDA NVidia HDMI/DP,pcm=7 as /devices/pci0000:a7/0000:a7:01.0/0000:a8:00.0/0000:a9:01.0/0000:ab:00.1/sound/card6/input9
[   24.225388] input: HDA NVidia HDMI/DP,pcm=8 as /devices/pci0000:a7/0000:a7:01.0/0000:a8:00.0/0000:a9:01.0/0000:ab:00.1/sound/card6/input10
[   24.225694] input: HDA NVidia HDMI/DP,pcm=9 as /devices/pci0000:26/0000:26:01.0/0000:27:00.0/0000:28:01.0/0000:2a:00.1/sound/card2/input23
[   24.225883] input: HDA NVidia HDMI/DP,pcm=3 as /devices/pci0000:b7/0000:b7:01.0/0000:b8:00.0/0000:b9:00.0/0000:ba:00.1/sound/card7/input32
[   24.229030] input: HDA NVidia HDMI/DP,pcm=9 as /devices/pci0000:a7/0000:a7:01.0/0000:a8:00.0/0000:a9:01.0/0000:ab:00.1/sound/card6/input11
[   24.230198] input: HDA NVidia HDMI/DP,pcm=7 as /devices/pci0000:b7/0000:b7:01.0/0000:b8:00.0/0000:b9:00.0/0000:ba:00.1/sound/card7/input33
[   24.240781] input: HDA NVidia HDMI/DP,pcm=8 as /devices/pci0000:b7/0000:b7:01.0/0000:b8:00.0/0000:b9:00.0/0000:ba:00.1/sound/card7/input34
[   24.248471] NVRM: loading NVIDIA UNIX Open Kernel Module for x86_64  580.105.08  Release Build  (dvs-builder@U22-I3-B10-02-5)  Wed Oct 29 22:29:53 UTC 2025
[   24.252335] Adding 4219900k swap on /dev/nvme0n1p2.  Priority:-2 extents:1 across:4219900k SSFS
[   24.253728] input: HDA NVidia HDMI/DP,pcm=9 as /devices/pci0000:b7/0000:b7:01.0/0000:b8:00.0/0000:b9:00.0/0000:ba:00.1/sound/card7/input35
[   24.406073] RAPL PMU: API unit is 2^-32 Joules, 3 fixed counters, 655360 ms ovfl timer
[   24.406076] RAPL PMU: hw unit of domain package 2^-14 Joules
[   24.406077] RAPL PMU: hw unit of domain dram 2^-16 Joules
[   24.406078] RAPL PMU: hw unit of domain psys 2^-0 Joules
[   24.484299] mlx5_core 0000:16:00.0: Flow counters bulk query buffer size increased, bulk_query_len(8)
[   24.495864] audit: type=1400 audit(1784714338.640:2): apparmor="STATUS" operation="profile_load" profile="unconfined" name="lsb_release" pid=2615 comm="apparmor_parser"
[   24.496288] audit: type=1400 audit(1784714338.640:3): apparmor="STATUS" operation="profile_load" profile="unconfined" name="nvidia_modprobe" pid=2616 comm="apparmor_parser"
[   24.496299] audit: type=1400 audit(1784714338.640:4): apparmor="STATUS" operation="profile_load" profile="unconfined" name="nvidia_modprobe//kmod" pid=2616 comm="apparmor_parser"
[   24.496535] audit: type=1400 audit(1784714338.640:5): apparmor="STATUS" operation="profile_load" profile="unconfined" name="/usr/bin/man" pid=2620 comm="apparmor_parser"
[   24.496547] audit: type=1400 audit(1784714338.640:6): apparmor="STATUS" operation="profile_load" profile="unconfined" name="man_filter" pid=2620 comm="apparmor_parser"
[   24.496570] audit: type=1400 audit(1784714338.640:7): apparmor="STATUS" operation="profile_load" profile="unconfined" name="man_groff" pid=2620 comm="apparmor_parser"
[   24.498024] audit: type=1400 audit(1784714338.640:8): apparmor="STATUS" operation="profile_load" profile="unconfined" name="ubuntu_pro_apt_news" pid=2618 comm="apparmor_parser"
[   24.499124] audit: type=1400 audit(1784714338.640:9): apparmor="STATUS" operation="profile_load" profile="unconfined" name="/usr/lib/snapd/snap-confine" pid=2622 comm="apparmor_parser"
[   24.499134] audit: type=1400 audit(1784714338.640:10): apparmor="STATUS" operation="profile_load" profile="unconfined" name="/usr/lib/snapd/snap-confine//mount-namespace-capture-helper" pid=2622 comm="apparmor_parser"
[   24.500455] audit: type=1400 audit(1784714338.644:11): apparmor="STATUS" operation="profile_load" profile="unconfined" name="tcpdump" pid=2621 comm="apparmor_parser"
[   24.523978] mlx5_core 0000:16:00.0: mlx5_pcie_event:325:(pid 1454): PCIe slot power capability was not advertised.
[   24.535885] mlx5_core 0000:98:00.0: PTM enabled, 2ns granularity
[   24.535904] mlx5_core 0000:98:00.0: firmware version: 32.47.1088
[   24.535932] mlx5_core 0000:98:00.0: 504.112 Gb/s available PCIe bandwidth (32.0 GT/s PCIe x16 link)
[   24.676789] EDAC i10nm: No hbm memory
[   24.683145] EDAC MC0: Giving out device to module i10nm_edac controller Intel_10nm Socket#0 IMC#0: DEV 0000:7e:0c.0 (INTERRUPT)
[   24.690583] EDAC MC1: Giving out device to module i10nm_edac controller Intel_10nm Socket#0 IMC#1: DEV 0000:7e:0d.0 (INTERRUPT)
[   24.694982] EDAC MC2: Giving out device to module i10nm_edac controller Intel_10nm Socket#0 IMC#2: DEV 0000:7e:0e.0 (INTERRUPT)
[   24.702047] nvidia-modeset: Loading NVIDIA UNIX Open Kernel Mode Setting Driver for x86_64  580.105.08  Release Build  (dvs-builder@U22-I3-B10-02-5)  Wed Oct 29 22:16:05 UTC 2025
[   24.702385] EDAC MC3: Giving out device to module i10nm_edac controller Intel_10nm Socket#0 IMC#3: DEV 0000:7e:0f.0 (INTERRUPT)
[   24.713278] [drm] [nvidia-drm] [GPU ID 0x00002900] Loading driver
[   24.714724] EDAC MC4: Giving out device to module i10nm_edac controller Intel_10nm Socket#1 IMC#0: DEV 0000:fe:0c.0 (INTERRUPT)
[   24.717819] [drm] Initialized nvidia-drm 0.0.0 20160202 for 0000:29:00.0 on minor 1
[   24.717827] [drm] [nvidia-drm] [GPU ID 0x00002a00] Loading driver
[   24.721696] EDAC MC5: Giving out device to module i10nm_edac controller Intel_10nm Socket#1 IMC#1: DEV 0000:fe:0d.0 (INTERRUPT)
[   24.722194] [drm] Initialized nvidia-drm 0.0.0 20160202 for 0000:2a:00.0 on minor 2
[   24.722205] [drm] [nvidia-drm] [GPU ID 0x00003a00] Loading driver
[   24.728025] [drm] Initialized nvidia-drm 0.0.0 20160202 for 0000:3a:00.0 on minor 3
[   24.728032] [drm] [nvidia-drm] [GPU ID 0x00003b00] Loading driver
[   24.729746] EDAC MC6: Giving out device to module i10nm_edac controller Intel_10nm Socket#1 IMC#2: DEV 0000:fe:0e.0 (INTERRUPT)
[   24.734161] [drm] Initialized nvidia-drm 0.0.0 20160202 for 0000:3b:00.0 on minor 4
[   24.734178] [drm] [nvidia-drm] [GPU ID 0x0000aa00] Loading driver
[   24.735438] [drm] Initialized nvidia-drm 0.0.0 20160202 for 0000:aa:00.0 on minor 5
[   24.735443] [drm] [nvidia-drm] [GPU ID 0x0000ab00] Loading driver
[   24.735784] EDAC MC7: Giving out device to module i10nm_edac controller Intel_10nm Socket#1 IMC#3: DEV 0000:fe:0f.0 (INTERRUPT)
[   24.735796] EDAC i10nm: v0.0.5
[   24.745166] [drm] Initialized nvidia-drm 0.0.0 20160202 for 0000:ab:00.0 on minor 6
[   24.745173] [drm] [nvidia-drm] [GPU ID 0x0000ba00] Loading driver
[   24.750091] [drm] Initialized nvidia-drm 0.0.0 20160202 for 0000:ba:00.0 on minor 7
[   24.750098] [drm] [nvidia-drm] [GPU ID 0x0000bc00] Loading driver
[   24.755880] [drm] Initialized nvidia-drm 0.0.0 20160202 for 0000:bc:00.0 on minor 8
[   24.786488] pps pps0: new PPS source ptp1
[   24.793350] mlx5_core 0000:98:00.0: Rate limit: 127 rates are supported, range: 0Mbps to 195312Mbps
[   24.794004] mlx5_core 0000:98:00.0: E-Switch: Total vports 50, per vport: max uc(128) max mc(2048)
[   24.794083] mlx5_core 0000:98:00.0: Flow counters bulk query buffer size increased, bulk_query_len(8)
[   24.915366] intel_rapl_common: Found RAPL domain package
[   24.915378] intel_rapl_common: Found RAPL domain dram
[   24.918136] intel_rapl_common: Found RAPL domain package
[   24.918147] intel_rapl_common: Found RAPL domain dram
[   24.930138] mlx5_core 0000:98:00.0: mlx5_pcie_event:325:(pid 1454): PCIe slot power capability was not advertised.
[   24.940976] mlx5_core 0000:98:00.0: MLX5E: StrdRq(1) RqSz(8) StrdSz(2048) RxCqeCmprss(0 enhanced)
[   25.067437] mlx5_core 0000:98:00.1: firmware version: 32.47.1088
[   25.067473] mlx5_core 0000:98:00.1: 504.112 Gb/s available PCIe bandwidth (32.0 GT/s PCIe x16 link)
[   25.324233] pps pps1: new PPS source ptp2
[   25.324353] mlx5_core 0000:98:00.1: Rate limit: 127 rates are supported, range: 0Mbps to 195312Mbps
[   25.324706] mlx5_core 0000:98:00.1: E-Switch: Total vports 50, per vport: max uc(128) max mc(2048)
[   25.324782] mlx5_core 0000:98:00.1: Flow counters bulk query buffer size increased, bulk_query_len(8)
[   25.344349] mlx5_core 0000:98:00.1: MLX5E: StrdRq(1) RqSz(8) StrdSz(2048) RxCqeCmprss(0 enhanced)
[   25.348010] mlx5_core 0000:98:00.1: mlx5_pcie_event:325:(pid 1454): PCIe slot power capability was not advertised.
[   25.471136] pcieport 10000:80:01.0: can't derive routing for PCI INT A
[   25.471144] mlx5_core 10000:81:00.0: PCI INT A: no GSI
[   25.471325] mlx5_core 10000:81:00.0: PTM enabled, 2ns granularity
[   25.471343] mlx5_core 10000:81:00.0: firmware version: 28.47.1088
[   25.471372] mlx5_core 10000:81:00.0: 63.012 Gb/s available PCIe bandwidth, limited by 16.0 GT/s PCIe x4 link at 10000:80:01.0 (capable of 504.112 Gb/s with 32.0 GT/s PCIe x16 link)
[   25.820661] mlx5_core 10000:81:00.0: Flow counters bulk query buffer size increased, bulk_query_len(8)
[   25.827966] mlx5_core 10000:81:00.0: mlx5_pcie_event:325:(pid 10): PCIe slot power capability was not advertised.
[   25.842425] mlx5_core 0000:98:00.1 enp152s0f1np1: renamed from eth1
[   25.909147] mlx5_core 0000:98:00.0 enp152s0f0np0: renamed from eth0
[   26.275190] mlx5_core 0000:16:00.0: MLX5E: StrdRq(0) RqSz(1024) StrdSz(256) RxCqeCmprss(0 enhanced)
[   26.275258] mlx5_core 0000:16:00.0: MLX5E: StrdRq(0) RqSz(1024) StrdSz(256) RxCqeCmprss(0 enhanced)
[   26.349592] mlx5_core 0000:16:00.0 ibp22s0: renamed from ib0
[   26.349791] mlx5_core 10000:81:00.0: MLX5E: StrdRq(0) RqSz(1024) StrdSz(256) RxCqeCmprss(0 enhanced)
[   26.349856] mlx5_core 10000:81:00.0: MLX5E: StrdRq(0) RqSz(1024) StrdSz(256) RxCqeCmprss(0 enhanced)
[   26.422594] mlx5_core 10000:81:00.0 ibP65536s24: renamed from ib0
[   28.971561] Process accounting resumed
[   29.034413]  
[   29.034417] PlxSvc: <========================================================>
[   29.034419] PlxSvc: PLX PCI Service driver v10.52 (64-bit)
[   29.034425] PlxSvc: Supports Linux kernel v5.15.0-119-generic
[   29.272984] PlxSvc: Error: PCI header type (127) not 0 or 1
[   29.273230] PlxSvc: Error: PCI header type (127) not 0 or 1
[   29.279323] PlxSvc: Error: PCI header type (127) not 0 or 1
[   29.280062] PlxSvc: Error: PCI header type (127) not 0 or 1
[   29.281000] PlxSvc: Error: PCI header type (127) not 0 or 1
[   29.281561] PlxSvc: Error: PCI header type (127) not 0 or 1
[   29.282420] PlxSvc: Error: PCI header type (127) not 0 or 1
[   29.282951] PlxSvc: Error: PCI header type (127) not 0 or 1
[   29.283794] PlxSvc: Error: PCI header type (127) not 0 or 1
[   29.284309] PlxSvc: Error: PCI header type (127) not 0 or 1
[   29.285115] PlxSvc: Error: PCI header type (127) not 0 or 1
[   29.285609] PlxSvc: Error: PCI header type (127) not 0 or 1
[   29.286389] PlxSvc: Error: PCI header type (127) not 0 or 1
[   29.286855] PlxSvc: Error: PCI header type (127) not 0 or 1
[   29.287612] PlxSvc: Error: PCI header type (127) not 0 or 1
[   29.288208] PlxSvc: Error: PCI header type (127) not 0 or 1
[   29.288941] PlxSvc: Error: PCI header type (127) not 0 or 1
[   29.289365] PlxSvc: Error: PCI header type (127) not 0 or 1
[   29.290081] PlxSvc: Error: PCI header type (127) not 0 or 1
[   29.290488] PlxSvc: Error: PCI header type (127) not 0 or 1
[   29.291179] PlxSvc: Error: PCI header type (127) not 0 or 1
[   29.291565] PlxSvc: Error: PCI header type (127) not 0 or 1
[   29.621721] PlxSvc: ...driver loaded

[   29.857349] Initializing XFRM netlink socket
[   30.234234] bridge: filtering via arp/ip/ip6tables is no longer available by default. Update your scripts to load br_netfilter if you need this.
[   30.783879] PlxSvc: Error: PCI header type (127) not 0 or 1
[   30.788430] PlxSvc: Error: PCI header type (127) not 0 or 1
[   30.789272] PlxSvc: Error: PCI header type (127) not 0 or 1
[   30.790062] PlxSvc: Error: PCI header type (127) not 0 or 1
[   30.790829] PlxSvc: Error: PCI header type (127) not 0 or 1
[   30.791589] PlxSvc: Error: PCI header type (127) not 0 or 1
[   30.792433] PlxSvc: Error: PCI header type (127) not 0 or 1
[   30.793167] PlxSvc: Error: PCI header type (127) not 0 or 1
[   30.793897] PlxSvc: Error: PCI header type (127) not 0 or 1
[   30.794616] PlxSvc: Error: PCI header type (127) not 0 or 1
[   30.795330] PlxSvc: Error: PCI header type (127) not 0 or 1
